"","X52689","X52673","X52477","X52716","X52475","X52748","X52603","X19142","X19130","X52625","X20675","X52710","X27665","X52453","X52687","X48258","X35628","X45968","X52462","X52464","X42446","X42449","X52461","X19263","X52448","X52669","X19261","X52470","X52616","X33955","X45970","X52447","X52449","X52235","X52452","X52446","X52438","X42448","X52623","X19265","X43761","X52281","X32197","X31787","X531","X542","X27672","X15677","X37202","X21133","X18319","X1419","X1494","X48569","X32198","X46173","X555","X35142","X32342","X1126","X1107","X46537","X54738","X528","X48885","X48255","X1638","X32354","X512","X443","X18362","X15778","X55","X54923","X3141","X32412","X569","X15500","X48782","X63","X15506","X34396","X1564","X2132","X553","X27718","X513","X1868","X35159","X514","X37465","X2959","X2372","X36747","X5086","X37459","X1552","X42420","X40459","X48195","X15587","X1643","X33934","X2730","X48152","X57","X53","X396","X27727","X2127","X1572","X43847","X37455","X48857","X47155","X15990","X58","X53013","X1573","X39786","X41754","X21248","X15753","X59","X33009","X38661","X590","X3127","X15716","X27513","X1123","X1125","X34407","X527","X53010","X34534","X60","X35661","X57330","X1301","X1303","X20676","X15586","X44688","X46142","X38306","X18374","X34386","X48429","X15745","X18037","X34109","X1124","X40469","X1498","X1585","X22185","X46539","X15720","X27710","X32377","X37076","X33939","X33080","X594","X52604","X44877","X54979","X33936","X46798","X46799","X1493","X1505","X52434","X37506","X44681","X40461","X36103","X32553","X35126","X64","X42109","X1600","X1510","X1444","X52913","X1898","X32452","X33442","X1408","X46225","X18335","X1899","X27731","X21151","X1515","X32398","X1648","X485","X603","X48490","X48493","X42459","X52437","X17747","X34384","X19503","X1437","X1519","X46960","X2125","X18392","X18394","X53231","X27738","X1284","X53241","X32306","X32401","X40406","X54","X37097","X1299","X1604","X1670","X606","X1649","X3147"
"zr1429.29",0,0,0,0,0,0,0,0,3310278,0,212679,0,209505,105546,0,0,0,0,507884,0,1595691,0,1468185,0,0,0,0,464392,86428,0,0,0,0,0,910447,0,208535,0,0,0,93519,399612,21016,81867,126272,468417,0,0,0,753187,0,0,845089,0,6074937,105457,7873735,0,3885362,4531876,61275,142520,0,208843,0,0,6956766,0,3146322,6502464,0,286089,0,514700,10650819,0,11113555,19212020,0,0,5405851,10290430,1581168,2791407,0,12700750,6837740,0,98424,0,196474,204331,0,790453,0,48257,0,1162632,0,0,0,133351,0,60812,5464804,12603834,9423133,0,282140,96796,298621,73497,0,154975,0,3632138,2607012,0,629424,288524,240111,0,61085,5525741,0,0,47616,1447680,0,0,6263063,6180000,0,4430400,0,0,5017391,11776992256,0,3011567,820792,753027,158962,0,152100,0,331687,24016462,235772,80051,0,0,1736097,886006,0,0,134912,0,0,0,195591,491776,106160,8113529,977535,0,0,0,0,0,50918,5046723,0,0,555135,0,0,131248,0,47158,4060744,415023,484322,0,0,0,9224102,0,0,0,2321304,225668,30829,0,0,102516,0,1281226,0,0,0,0,0,0,118500,2326399,0,1774620,1435182,2513644,12322648,2964019,258557,657070,349616,937077,0,2015178,361500,41566,995658,153098,56954,1284119,931553,196509,4101329,92934
"zr1429.30",91701,407726,170898,147718,284272,0,799588,245552,76494720,137501,205091,99472,67525,1973821,513444,68420,46909,85685,1271344,111673,10256512,266593,15228343,315808,900214,27428,0,10744488,2342739,126408,68739,245991,0,163516,4226703,568944,971663,160940,352729,789705,57715,256575,47609,94446,0,130055,38390,0,42057,590787,0,0,1241537,0,5554489,164425,715281,50868,390622,5476385,0,0,0,267326,0,0,8101196,0,4124593,7879715,218766,179047,451125,1624145,62676580,434088,802281,20271472,97716,1379091,36838440,20054738,1217413,1371109,0,14642562,6690071,246295,418924,45233,119886,716058,136585,472223,0,450794,0,1187281,0,0,64923,143765,0,0,5419642,21476560,10367558,0,643228,139112,313635,280607,646296,1073850,26526,12852820,2677993,159115,9785997,546044,167166,1129237,87418,5289101,0,0,0,5819816,0,0,46935736,6890436,0,3829769,0,0,4617536,10880699392,217301,2951218,2063731,1606747,429733,403773,216559,0,173799,2077857,163870,0,0,0,1943073,804421,0,130970,375535,233933,0,0,426249,565782,128452,8012606,3004795,66779,697340,335235,0,0,59900,3591686,0,0,1879128,0,0,349155,45881,0,4150756,1169331,1030374,120903,503520,0,13089465,479769,0,0,671756,0,273480,115291,0,170572,0,1661557,871395,586943,0,0,0,80060,419468,360788,208962,5227666,4656999,2832142,20245222,3800891,93216,1566850,365907,1402941,0,2939430,388106,0,970776,211161,71202,1430473,1387482,909579,6728253,166301
"zr1429.31",0,216630,0,0,74444,0,495826,79730,57948512,109567,194660,0,0,2233812,303808,0,0,0,1261613,79685,7961229,170259,12316076,252495,697710,0,0,9243275,1890703,31680,0,147094,0,94910,3455726,434591,862015,0,0,0,0,140674,0,84367,150800,0,19254,253639,28696,505195,0,0,622310,0,5981662,102206,2754267,0,6965608,4029248,0,0,0,319577,0,0,7819486,0,3463516,6296985,0,0,0,1313466,51553400,0,1048468,21129402,67262,1355861,33717752,17153916,1135037,713759,0,6289510,5513306,159537,250925,29855,133371,465595,215802,631176,0,398408,0,1344406,0,0,0,0,0,0,4595361,17287848,8191484,0,462075,158857,291734,295005,525789,1167992,0,12762097,1654071,0,1828982,1010513,83096,0,78527,5254819,104630,0,96786,2016296,0,0,25621708,5364950,0,2438663,0,0,3567445,4424864768,0,2801194,1429235,1764935,212171,476276,118562,0,191234,639007,128954,207595,0,0,1786511,676059,0,0,375044,129982,44229,181610,278481,522455,176744,2758209,1326849,0,0,55788,0,33134,47811,3759376,0,0,1380392,0,0,262579,52013,0,3633749,792385,844981,76809,0,0,8754338,323857,0,0,407410,151466,154387,68264,0,139363,0,1047064,295712,613144,0,0,0,0,327653,240979,132468,2279243,6621658,3160859,17582578,1474430,70024,1055163,544629,842622,0,2867989,601204,59229,801017,123902,41340,1152457,538497,353660,3438650,74883
"zr1429.32",0,350204,167593,158843,217147,0,516276,323287,75839232,104559,467049,0,0,1899638,465642,0,27281,59858,1216762,112939,9592348,270594,15915134,386579,986686,29207,49152,12247858,2357446,71976,0,241853,44252,142739,4014821,616590,1157161,233300,411555,794242,0,0,0,71964,127407,73345,23384,0,51162,304430,0,0,787812,0,4534262,83145,5418356,0,2442546,3843816,0,0,0,241227,0,0,6371333,0,3414531,5531402,88987,0,0,1052115,47930936,0,0,13616681,0,1228980,34515916,15459222,2491942,1157180,0,10442060,5684904,100402,308216,23667,131925,433228,176701,582231,0,256012,0,1180300,0,0,0,110563,0,0,4405403,13545143,8049043,0,582248,38936,363800,203271,249764,831376,17449,8603901,2030460,92130,3684038,611435,235722,0,73434,4514267,108901,0,84098,2976647,0,0,34582064,5684700,0,3096950,0,0,3848632,2187869440,89836,2057605,1175376,1809578,194973,321726,121863,0,223982,371267,92137,76229,0,0,1445622,687761,0,116049,269820,69291,0,0,331704,427571,120384,2460021,1586864,52973,607651,245014,0,59304,78888,3924241,0,33579,1601175,86123,0,289036,50148,0,3294560,663336,677928,83313,0,0,8691931,531875,0,0,456339,60036,196142,22670,0,100019,0,1147715,249928,0,0,0,0,124626,249248,146720,155678,4166974,5993640,2899621,15624471,0,85363,687449,340608,1007789,0,3166120,145692,0,692222,0,54740,1167554,896504,389025,4612377,80884
"zr1429.33",0,0,0,0,0,0,0,0,3336906,0,0,0,0,148778,0,0,0,0,408190,0,1611158,0,1303277,0,0,0,0,668422,46561,0,0,0,0,0,879042,0,165416,0,0,0,0,0,0,0,0,0,0,0,0,238434,0,0,547238,0,1716886,0,4688560,0,2540380,2132008,0,0,0,112610,0,0,6364338,0,2287283,4736093,138719,0,0,609452,0,122797,449228,4420810,0,0,2625269,6862292,657468,2970054,0,9987962,2557993,0,86873,0,61315,64262,0,0,0,50867,0,340180,0,0,0,0,0,0,3105411,7988226,4312297,0,607082,0,291628,62054,0,0,0,1471259,2112479,0,769801,165940,0,0,87115,5267418,0,0,0,3813762,0,0,10026585,5343895,0,2928675,0,0,4004626,6594394112,0,2595753,25077,2048465,161609,0,182855,0,701855,34862924,83548,0,0,0,967936,264489,0,0,59193,161170,0,0,0,312189,0,1835527,312639,0,0,0,0,0,0,5118308,31287,0,369750,0,0,213299,0,97910,3566110,0,233490,51962,0,0,4298091,0,0,0,360975,245167,0,0,0,105554,0,990824,155928,0,0,0,0,0,127167,202240,0,2385182,6413463,3107791,11360969,1350888,62192,0,68588,915241,0,599554,731326,0,733598,0,44986,232783,284154,210722,4962583,108619
"zr1429.34",0,0,0,0,0,0,0,0,2770637,0,145798,0,0,151734,0,0,0,0,507355,0,1534578,0,1343545,0,0,0,0,472990,82719,0,0,0,0,0,1016922,0,206503,0,0,0,97788,0,0,0,0,110731,0,0,0,333440,0,0,556471,0,1893791,0,3118646,0,3358026,1469673,0,0,0,128701,0,0,4592356,0,1340693,8035328,0,0,0,734188,5914477,0,0,6055565,0,0,3743060,6267529,653311,1004471,0,13271502,2133438,0,0,0,0,0,0,0,0,91881,0,459156,0,0,0,0,0,0,2236736,7715383,5102163,0,663899,0,300768,77402,0,77987,0,3622965,2984340,0,109371,99225,0,0,0,4470838,0,0,0,698132,0,0,1306449,3745448,0,4751284,0,0,2951332,4883589632,0,1908265,575705,2081328,0,0,923518,0,218048,5039088,39073,126953,0,0,2128232,184972,0,0,75893,100756,0,0,0,161274,71905,1633922,189678,0,0,0,0,0,0,4551388,0,0,480233,0,0,192131,27589,0,2591614,396986,374580,0,0,0,3048023,295516,0,0,0,32573,0,56374,0,0,0,1104063,0,0,0,0,0,0,132989,670277,0,1868047,6661840,2923532,11176439,0,0,0,236743,707661,0,1141150,0,0,552018,0,0,148769,230627,121032,4974103,45795
"zr1429.35",0,154161,61807,0,94726,0,101698,0,5971296,0,302640,0,0,236524,0,0,0,0,680233,0,2337886,0,2144941,0,0,0,0,1072547,212106,0,0,102308,0,0,1580812,127530,389612,0,0,0,59571,85635,0,0,0,322948,50738,0,0,910351,0,0,1275344,0,4078877,61892,13536007,0,5141407,6553050,0,0,0,233964,0,0,8282856,0,4139889,10331676,124473,154339,0,1424562,15478664,0,883383,16109732,0,0,10670939,16069150,1246860,2484516,0,26587874,6343727,0,200145,0,168363,232400,84022,652079,0,675342,0,888557,0,0,0,135034,0,88065,6818729,16343728,13620428,0,761453,174808,320121,159349,0,242376,0,6301068,5009106,88729,1957865,568447,0,0,97257,5472654,0,0,138855,2442363,0,28863,19954404,6583215,118343,7108125,0,0,5061690,11819973632,0,3249660,1102984,1944132,199763,0,339648,0,464051,7713891,135519,140495,0,0,2885282,579572,0,0,212083,246032,0,201988,0,484190,179912,4919999,1066776,0,286205,192252,0,0,0,6303272,0,0,654228,62835,0,703407,129147,428568,4518055,898442,674902,0,496459,0,11497490,464981,47358,0,193899,115849,0,0,0,187087,0,2521564,427968,0,0,0,0,0,138184,506663,0,2512967,7996809,3048011,20356508,3066714,65286,325007,361899,1840445,0,3974859,284670,124327,1065376,0,74868,924187,1305765,445415,5876424,88850
"zr1429.36",0,195573,119334,0,133587,0,136896,0,12581217,0,118223,0,83334,620306,0,0,0,0,958336,0,3157688,0,4087166,97841,0,0,0,1881683,557238,0,0,160806,0,0,2108463,221803,556497,72989,0,486419,0,43913,32674,0,119301,145747,30088,0,0,345372,2304740,0,1008673,0,3457247,0,7798327,0,9197365,4272515,0,0,0,359823,0,0,8353724,0,4026075,15260254,119267,0,0,1603930,10977632,0,246005,13651221,0,1393663,10535852,18287892,1196048,2487999,0,35548476,5303848,111504,188897,26842,140826,340982,111937,549324,0,1783459,0,810348,0,0,0,117371,0,81174,5528276,18593132,14287227,0,970175,223015,343382,161502,465919,183105,0,8432999,6361050,177499,896396,585501,3668322,0,116580,5338318,0,0,207968,2190194,0,0,14383245,6038087,0,1715093,170830,0,4522783,3221986560,83878,3534699,2315431,1850088,193453,0,277129,0,348860,2033384,99112,138195,0,0,4320186,321959,0,0,169971,265739,0,438341,183684,351116,196604,3987362,1477300,672416,757613,549636,0,48557,97795,4878282,53010,69694,1342677,72352,0,459376,65151,111716,3855069,1021683,957054,329380,0,0,10294033,496679,0,110282,472295,109889,0,0,0,0,0,2619297,1292672,0,117066,61483,0,158068,239573,1089224,186413,4061508,6708876,3033001,24715964,0,0,879748,404804,1663198,0,3037367,410623,128786,888867,0,69445,603182,1006980,464335,8412340,108070
"zr1429.37",0,0,0,0,0,0,0,0,4369533,0,260404,0,0,138641,0,0,0,0,274121,0,1068220,0,1152573,0,0,0,0,582346,137766,0,0,0,0,0,611993,0,114775,0,0,0,81004,0,0,0,0,134991,0,0,0,219428,0,0,735295,96280,1642439,95616,1500748,0,714122,2212055,0,0,0,133464,0,0,4421185,0,1397525,2904412,146716,0,0,205136,5908134,0,0,3353069,0,0,4566044,1931183,3310728,1117569,0,5158167,2720541,0,0,0,0,0,0,281487,0,0,0,764868,0,62088,0,124666,0,0,3134306,2768242,3409382,125957,0,0,291233,0,0,105494,0,1432846,1489664,0,0,53488,98636,0,40995,4553506,87390,0,0,795919,0,0,393143,5051652,0,2795365,0,0,2229830,1653490176,0,1271888,416770,2044839,96460,0,380572,0,193286,2375036,32531,0,0,0,736656,237301,0,0,78776,0,0,0,0,316177,0,4058134,0,0,0,0,0,0,75871,4499539,0,0,277566,0,1744151,141143,0,0,2380828,227185,120553,51765,0,0,3755247,262489,0,0,0,0,0,0,75079,152422,0,1411883,0,0,0,0,0,0,127168,325115,0,1975884,6651247,3066846,4309360,344369,0,0,0,589973,0,930269,0,0,574695,144908,0,311784,217329,99605,0,0
"zr1429.38",0,329021,344317,0,208687,79845,165172,0,16093412,0,291423,0,182945,832053,116467,0,58755,0,694852,0,2717926,58305,3877252,141876,0,0,0,1922848,625629,35738,0,175658,0,0,1540138,266070,483904,72290,0,847772,92389,199025,0,0,0,0,0,0,0,690125,5133422,0,2652782,3662903,3880814,72305,16118127,0,350616,8772729,0,0,0,278811,312923,0,9365204,0,3494991,10471220,157552,0,0,1336903,20132100,0,0,10459745,0,1128627,11991197,19489612,1343895,4031654,0,38613708,6662379,0,211311,59517,125586,401760,159343,379493,0,162700,0,1002666,0,55809,466818,154221,0,89035,5220017,16406161,16713921,140244,824443,0,311897,251440,580221,323115,37564,8703596,5034213,504472,6806039,392677,488956,0,72888,5529010,0,0,86659,5491248,0,0,35972648,6200818,0,3167163,227249,0,4028111,12855762944,0,2860704,2565952,2007809,582957,205496,3205808,0,571502,16538863,81936,0,0,0,3510707,482297,0,118358,171878,379383,0,304461,772722,507829,167675,7672122,1161612,199744,2054313,878302,0,0,75451,4950175,44437,0,1184927,0,7902437,217787,29885,0,4013864,1201180,754346,72824,0,0,10253938,694842,0,145047,587923,0,43337,205089,3227736,121758,0,3227608,749673,0,58713,0,0,87750,270891,609090,172210,4902144,6339541,3085219,24987344,0,0,50908,210131,1704489,0,4664243,157665,209949,977080,588091,77033,891068,984999,891621,5561674,181783
"zr1429.39",0,71055,0,0,0,0,0,0,3809999,0,94184,0,120128,106698,0,0,0,0,241475,0,968546,0,1046295,0,0,0,0,512407,101259,0,0,0,0,0,493994,0,96311,0,0,141114,0,0,0,0,316770,0,0,216249,0,255000,3518932,0,1324663,1821813,2855501,43519,9507332,0,2766447,5914188,44895,0,0,209653,109565,0,6163430,0,2535700,9312867,208369,0,82610,599655,7654536,0,0,8012889,0,648099,7911622,13543834,844157,2433639,0,36993264,4931627,0,148460,34293,119136,239793,135696,420381,0,70182,0,745083,0,0,0,129199,0,0,3817643,11554131,11188057,0,744267,0,267929,145194,368420,116271,0,6056855,2760318,138425,1032704,339487,0,0,43178,4965026,0,0,105515,2831659,0,0,17251448,6695641,0,2241950,0,0,3274738,5849276416,0,2290366,1668887,1575326,746555,0,930000,0,427844,5042737,61370,224400,0,0,2259733,423564,0,0,111804,200459,0,0,453159,349604,0,3406544,343650,0,158370,192481,0,0,0,4979913,0,0,393938,0,3097341,294367,0,62022,4019566,820268,553886,58945,0,0,8690571,453589,0,166368,660514,0,0,0,12271724,310886,0,2015991,417359,0,0,0,0,0,164341,390531,0,2201742,4707467,2792997,19968184,1509974,0,103069,215827,1264002,0,1656391,0,91258,867118,264416,56467,819057,778673,493478,0,162941
"zr1429.40",0,133295,85650,0,70433,41684,0,0,2751812,0,0,0,28421,131909,0,0,0,0,411977,0,1353022,0,1147753,0,0,0,0,294637,0,0,0,66863,0,0,872140,0,252579,0,0,0,75366,0,0,0,0,0,0,0,0,1084818,0,0,551997,0,1051815,0,7043124,0,0,913208,57454,0,0,110422,0,0,4342608,0,1036537,1894633,0,167648,0,136089,1873916,0,0,1892894,0,0,1286863,3233511,288863,680278,0,10018490,1162264,0,0,16057,0,76834,0,0,0,0,0,458913,0,50700,0,0,0,0,1481000,3580601,2479601,61094,58166,0,288326,0,0,0,0,1271337,1259232,107913,1038887,0,0,0,0,4017721,148130,0,0,681639,0,0,6681987,3792516,0,1445204,219037,0,2424966,37524811776,54595,1220977,878042,1646024,191977,0,197804,0,273527,1043503680,0,116923,0,0,465751,106039,0,0,0,132202,0,0,95856,192968,0,21931794,377454,91198,411626,152555,0,45868,0,3318258,0,0,729966,50970,0,0,0,0,2181583,311079,103446,70360,0,0,1969949,0,0,0,0,50469,0,0,0,154947,0,975179,212271,0,0,0,0,0,173083,232866,0,3328515,5113499,2735444,5668833,0,0,0,136806,348412,0,484002,0,0,586274,0,0,0,131549,203361,6360547,47281
"zr1429.41",0,133515,93924,0,0,0,0,0,12238797,0,0,0,71782,496860,0,0,0,0,363595,0,2168774,0,2739970,91406,0,0,0,1704130,327861,0,0,0,0,0,1012132,84507,285253,0,0,124388,0,197362,0,0,0,202820,0,0,0,215904,0,0,1413480,0,2612519,68477,4955055,0,2325261,2523393,0,0,0,207099,0,146629,6996462,0,2362951,5331006,319707,0,0,443776,10598543,0,520504,9467380,0,1096419,4156424,6020215,1096899,3002448,0,18994694,2623916,0,64955,0,94623,162524,37031,120192,0,0,0,966578,0,59890,0,109185,0,0,3191431,8789249,6440401,97472,450714,0,398121,56723,0,109709,0,3905524,2140996,75631,819385,183820,78067,0,30743,5247068,0,0,0,1895673,0,0,9189852,5881868,0,2289580,224475,0,3726422,7431218688,0,2455312,951849,1740725,625747,0,334237,0,522561,9057024,39330,86038,0,0,1531391,514572,0,0,88628,286686,0,156611,103038,234348,0,3090866,769081,54974,440888,155549,0,0,0,5178947,41853,0,671590,0,0,117422,28749,0,3707936,396420,317300,72800,0,0,6833027,588620,0,0,388397,207109,0,97810,0,239125,0,1904973,322848,0,0,0,0,0,149007,662380,47587,2974705,5266618,3068911,10082588,0,0,0,270461,886645,0,1529649,213778,0,772594,0,55348,539802,557080,188247,3352138,108053
"zr1429.42",0,0,0,0,0,0,0,0,1182424,0,0,0,0,41353,0,0,0,0,167770,0,625576,0,606647,0,0,0,0,175890,0,0,0,0,0,0,332748,0,0,0,0,0,0,47739,0,0,0,169961,0,0,0,130549,0,0,10170870,0,1648530,0,2193579,0,1946074,6734394,0,0,0,0,0,0,26755932,0,4711042,14395675,0,0,0,189113,1471840,0,0,3576390,0,343797,1460305,4575732,651233,35356388,0,12287326,1198684,0,0,0,52718,0,0,0,0,0,0,347250,0,0,0,0,268230,0,1769967,12634530,4403373,0,321289,0,225699,0,0,0,0,2409988,2482556,0,143756,55425,0,0,27321,7270494,0,0,0,792425,0,0,1641192,7835655,242586,1116264,0,0,4885772,6394797568,0,2607964,1159145,1813013,108579,0,154431,0,847099,12919576,0,0,0,0,715325,165636,0,0,0,124965,0,0,0,535100,0,6088274,270813,0,0,0,0,0,0,5876847,0,0,268397,0,0,43465,0,0,5184713,217602,141005,0,0,0,5052671,762772,0,0,0,29352,0,0,0,140636,0,12632420,0,0,0,0,0,0,94950,405531,0,2891310,5531710,2880250,6561844,0,0,0,73491,2749019,0,444542,0,0,1902967,0,0,106775,131887,119165,12563264,39371
"zr1429.43",0,94234,0,0,0,0,95338,0,7551858,0,138503,0,0,327675,0,0,0,0,576913,0,2421892,0,2345443,42828,0,0,0,912743,315028,0,0,65872,0,0,1516506,97029,304075,0,0,158047,0,485313,0,116066,0,0,0,0,0,320936,0,0,932503,0,1959335,0,6651368,0,60496,2712605,0,0,0,157540,0,0,6876531,0,2138369,3507276,0,0,0,291546,6539390,0,0,9283827,0,0,5326666,5480420,901303,1325662,0,8942973,5305702,0,39117,0,79636,164974,0,241278,0,0,0,881143,0,0,0,0,0,109106,4658449,6335384,5938743,0,117540,0,296857,37917,0,62889,0,2162464,1308681,83226,2119265,173628,0,0,127690,5131781,56228,0,0,1814780,0,0,11432516,5369469,0,2206092,79403,0,2816579,3180095232,90488,1964635,538807,1798765,77255,0,210393,0,317536,3098438,52005,0,0,0,1075249,377161,0,0,88646,228421,0,0,190404,279314,0,2423152,494633,59552,514302,166298,0,0,72780,4650662,0,0,737343,0,0,375065,0,102340,2986087,296959,250467,68247,0,0,5365787,0,41860,0,358893,0,0,0,0,240724,0,1411209,0,0,46172,47504,0,84120,159050,1763008,72101,1993684,5994347,3114452,8128330,2776270,0,0,257863,951876,0,1472131,0,0,867258,102534,35981,783474,470412,275362,0,74536
"zr1429.44",0,117346,103101,0,0,0,0,0,11491794,0,0,0,0,142778,0,0,0,0,272345,0,1537203,0,2269060,95770,0,0,0,1433930,404397,0,0,0,0,0,790050,156310,291787,0,0,0,0,53191,0,35351,0,145310,0,0,0,380546,0,0,816161,0,3033302,56683,13005537,0,2838928,3148815,0,0,0,148278,0,0,5349690,0,2258854,4851960,120777,942997,0,552233,7719079,0,0,12550460,0,810198,4960276,12816810,683800,703428,0,14571502,4929257,0,87223,0,63982,203200,40276,470227,0,44905,0,525232,0,0,131577,0,0,0,3136849,9628210,7556897,0,514325,0,248378,0,196969,81545,0,4132211,3245073,65620,1430954,371591,0,0,42512,4821445,0,0,0,2078265,0,0,12045618,4609185,0,1506970,0,0,4545050,8647876608,0,1883248,719102,1304498,114962,0,172678,0,342742,10019823,61489,130668,0,0,1874903,248991,0,0,65034,495212,0,0,427984,274080,0,2947159,976336,0,294929,239724,0,0,0,4108959,0,0,617707,0,0,169205,19063,0,3219738,491809,446445,0,0,0,4552463,520699,0,0,407029,0,0,0,0,248415,0,1458137,218014,0,0,0,0,0,198306,1346232,0,3562142,4092638,2750642,15426119,1673103,0,0,372249,574486,0,883486,0,0,696484,179398,0,408555,455222,234577,0,69693
"zr1429.45",0,77704,0,0,0,0,137336,0,12343819,0,232837,0,0,336275,0,0,0,0,510110,0,2257622,0,2781045,81347,74013,0,0,1638490,467801,0,0,0,0,0,1185706,154402,303927,0,0,232555,0,102451,33599,103756,126944,0,40423,0,0,349733,0,0,1218485,0,3803153,76701,11383529,0,1535425,6083488,0,0,0,203547,0,51474,6138379,0,4700659,7232679,195474,0,0,705049,19429928,0,0,24263624,0,731648,11463960,17014188,1704796,1267652,0,9730021,9062576,0,77460,36011,63466,276241,93899,557398,201175,0,0,1362273,0,59995,0,0,0,0,6606252,14888053,11579279,265813,357602,0,403059,99685,360980,223190,0,5677397,3741124,37380,1335392,481223,0,0,67945,4475055,143429,0,44635,1900147,0,0,19831280,5991984,0,12002797,0,0,3587635,6803372544,98471,2086801,1283898,2054159,225247,0,207369,0,323503,5327869,86272,151503,0,0,2033290,247493,0,70835,200380,320527,0,172798,389785,441402,146121,4611467,1040401,0,288471,63012,0,0,64484,4495244,0,0,720663,0,0,976518,84517,135242,3638339,839256,572323,0,0,0,9759926,462705,59095,88786,953977,99012,37940,0,0,162472,0,1969096,313334,0,50652,0,0,0,179696,582560,80113,2518149,6986210,3173424,17383432,7310734,0,106202,579516,1321928,0,3959994,433528,184700,682591,318753,35665,989880,798986,464104,0,67963
"zr1429.46",0,0,0,0,0,0,0,0,4430412,0,0,0,0,108552,0,0,0,0,182807,0,729318,0,1064098,0,0,0,0,636927,169518,0,0,0,0,0,382140,0,114372,0,0,99237,89662,79041,0,0,81071,184342,0,0,0,495662,0,0,801811,0,1793936,0,7184960,0,1539516,2936580,0,0,0,109402,0,0,5079673,0,2454696,5924004,0,115077,0,204522,4542197,0,0,9026413,0,569550,3361990,7872178,901983,1865523,0,12428203,3372151,0,0,0,0,48316,0,209458,0,258906,0,518491,0,30997,128028,177781,0,0,2183685,7542913,5486715,0,309951,0,294759,0,0,0,0,3138804,2481200,0,427625,124570,0,0,21068,4218656,0,0,0,2195242,0,0,7300138,6187586,0,1701507,0,0,4606433,8682798080,0,2380144,921730,2663562,78077,0,121883,0,559118,10392482,54210,0,0,0,1182889,291961,0,80984,47401,0,0,368097,111518,272351,0,3344579,649178,0,175691,0,0,0,0,3766707,0,0,281548,0,0,59324,40111,0,3670902,598016,305576,0,0,0,6175382,477699,0,0,676477,88841,0,0,0,200478,0,1676738,290799,0,0,0,0,0,163478,327281,0,4402373,16621598,2962033,11278919,249254,0,0,215770,835995,0,493882,146508,0,649797,48773,46392,456864,380111,175104,0,95380
"zr1429.47",0,0,0,0,0,0,0,0,5404324,0,0,0,67660,118848,0,0,0,0,373099,0,1340298,0,1705630,0,0,0,0,838315,170555,0,0,0,0,0,754735,0,210114,0,0,0,0,166633,0,0,0,327161,0,0,0,385488,0,0,870220,0,3329171,85700,6187982,0,6695628,4816368,0,0,0,187612,0,0,7170349,0,3121544,11234265,107420,219599,0,439602,6091982,0,898663,18259556,0,980233,6662845,14538095,1309861,2441599,0,18124624,6028223,0,125591,0,106360,92223,41177,290838,252003,822082,0,783949,0,0,0,142146,0,0,3747475,10306121,9373323,73074,973866,0,262473,37389,221416,56671,0,5896471,3123363,0,212747,455297,0,0,54988,5060631,0,0,106938,1817911,0,0,4797862,5819299,57186,4083898,0,0,4016283,7669770752,0,3033914,975100,1800712,92942,0,160599,0,402655,10796303,92762,99224,0,0,2715778,484173,0,78953,70297,0,33863,165230,91649,281844,0,2579284,782299,0,135074,79663,0,0,0,5870722,0,0,586009,0,0,53530,30023,0,3372938,584151,673023,0,0,0,7053019,918453,0,0,1414504,0,0,0,0,0,0,1882531,428823,0,0,0,0,0,142866,715850,0,1864521,5867226,3000833,17486608,3421663,80245,64885,366510,1131807,0,842497,213972,78297,777695,179722,76441,838714,613928,207558,4708043,82134
"zr1429.48",0,73792,51629,0,79987,0,0,0,8931688,0,0,0,68682,152548,0,0,0,0,278728,0,1223220,0,1977083,44848,0,0,0,946281,281827,0,0,0,0,0,725636,0,249443,0,0,193013,48145,0,0,0,157549,0,0,0,0,525134,0,0,1176787,0,2450766,69173,11465087,0,1296775,3241856,0,0,0,231700,0,0,5955400,0,2628439,6111985,202650,0,0,240903,7365089,0,0,10426574,0,710824,5537069,9096421,784402,1967897,0,14443327,5110359,0,0,0,0,89296,0,396366,0,262825,0,786213,0,0,0,0,0,0,2692316,9653534,6138432,0,494626,0,276198,0,0,78770,0,3319876,3273089,72624,867617,207767,0,0,61648,4334924,0,0,0,2026868,0,0,11265978,5884196,0,2500286,39291,0,3792703,8523185664,0,2872008,783794,1505911,162916,0,125450,0,430001,11356800,81427,72556,0,0,1561220,357810,0,0,87567,0,0,0,273916,443477,134980,2911983,992429,0,475134,147859,0,40378,0,5346061,0,0,500822,0,0,49378,16502,0,3686630,581946,469708,64765,0,0,8089216,411419,0,0,1154886,119144,0,0,0,120769,0,2351844,344192,0,0,0,0,0,168789,947430,65642,3648720,4513779,3632383,13762291,1931225,77509,0,287630,995714,0,837169,261222,0,759616,73883,47890,464133,660048,193178,0,102393
"zr1429.49",0,772295,784816,0,687741,302560,0,0,7786421,0,125921,0,0,129063,0,87745,73787,0,320331,0,1223471,62845,2149748,267304,0,0,0,749709,396758,41424,0,306686,0,0,874452,483972,363087,336702,0,3024224,0,289546,103946,0,393919,348021,24284,0,0,1318337,65219012,107298,2500937,254999,7130367,114087,1612512,28793,105980,19945178,203480,221021,932103,544810,0,177806,19567266,346019,7320662,11479805,176356,289599,696973,1982293,6506539,0,0,12775463,124070,1991170,21851096,51146412,1939849,7737587,0,76936848,11534737,0,492123,63522,0,481102,58661,1933841,0,336713,0,2001621,0,66537,956806,209687,0,0,5443985,34360856,25596048,0,1047415,0,644968,420887,1545062,76431,64439,12561169,5884971,933128,15756187,293072,379396,0,51883,8399108,169151,0,747039,35919188,62363,478734,59235448,14707790,249673,8226502,600080,0,16722673,27861549056,0,9536910,3300341,2401891,809426,0,341746,4888625,1778336,218067872,211539,152777,4281713,134667,4607626,539369,69220,165243,258380,1099730,73026,292493,13924922,566775,346446,16217402,1260288,704374,4693946,2863078,0,0,0,11019591,177810,164385,2183828,0,0,364893,59465,137109,18214902,6996185,1021888,107984,261065,1703835,26738330,1300266,88536,2832015,722395,0,36754,398787,0,159242,0,6333265,156711,0,0,0,0,91598,255088,5023638,276011,2326221,8103552,3789070,43841344,8682976,0,69683,577694,3554519,0,2700074,0,366088,3869864,0,289451,3592798,2200260,2761188,7611820,1208494
"zr1429.50",0,274695,205381,0,195444,0,0,0,9156953,0,126940,0,0,324345,73927,0,0,0,954658,0,2350786,41861,3004831,141535,0,0,0,1299264,354822,0,0,142689,0,0,1384648,166667,396125,101783,0,647001,0,233641,0,0,122786,196444,0,0,0,905272,8841730,0,1420411,0,3918595,53871,9243934,0,561289,6318958,18289,0,318338,276366,0,0,7710954,0,3584234,5702562,233835,0,0,990116,7722338,0,0,10300021,0,758946,8191976,17005732,1174983,2444356,0,31972028,5022625,0,174267,30403,86671,386360,96427,277915,0,67910,0,929774,0,0,0,138283,0,0,5138938,10985010,8980443,0,624692,0,487117,94368,509780,71823,0,6513205,3668577,174508,4656862,429468,7680774,0,84582,5249301,0,0,211968,5456397,0,0,36695016,6857169,0,3161173,176862,0,6074254,10465916928,0,2579613,2527422,1826297,216106,0,211650,1979353,539208,29212616,76395,69853,2466456,0,2471892,275280,0,88692,121496,180069,0,0,1482750,291291,0,14127787,1290347,111667,1126834,597975,0,39977,101317,5248991,0,0,1069360,81408,0,228559,0,0,4775329,1156973,579714,94517,0,0,8372287,524042,0,242008,391295,0,0,92574,0,143652,0,2000161,509797,0,55154,0,0,0,152021,1174757,186773,4246479,5330950,2754174,18896628,0,0,0,200167,1293459,0,1288891,0,118791,1099010,0,78842,876526,828019,686111,0,128327
"zr1429.51",0,104619,0,0,0,0,73884,0,5878910,0,0,0,0,183950,0,0,0,0,604281,0,1843674,0,2013510,0,0,0,0,882685,241049,0,0,87738,0,0,1279891,0,266486,0,0,0,0,274178,0,0,131325,0,0,0,0,413296,0,0,1320049,0,2649888,35570,13698633,0,3000037,3609221,0,0,278901,143312,0,0,4995016,0,2240444,4242169,223690,195100,0,572388,7397769,0,0,6694947,0,0,4718116,9796363,1035919,2318988,0,15958407,2769100,0,0,0,154270,189546,64851,338681,0,41627,0,435329,0,0,0,112851,0,0,2075030,8278559,4274210,0,416525,0,267924,38949,0,54269,0,3811999,2127632,0,1925457,613945,0,0,0,4937031,0,0,36742,1066806,0,0,6027427,5073289,0,1887512,0,0,2939885,9579547648,0,1121980,0,1488406,80818,177092,241775,1329347,440029,13982135,28147,0,2635480,0,1295080,75866,0,0,110940,0,0,0,199168,291650,0,2347567,242372,0,0,0,0,0,0,4720642,0,0,658373,0,0,299209,0,0,2528628,349267,367057,0,0,0,3268797,303406,0,0,0,0,67411,0,0,130076,0,1554569,0,0,0,0,0,0,166438,92775,59643,1799207,4694977,2575658,13726753,0,0,0,186736,717972,0,673519,0,104627,774205,0,0,290063,216119,222140,0,0
"zr1429.52",0,52114,0,0,0,0,122236,0,18262938,0,0,0,97260,303444,57195,0,0,0,793068,0,2745185,0,3682821,0,0,0,0,2748169,642557,0,0,0,0,0,1388418,45250,361948,0,0,0,92340,40889,0,86424,0,173442,0,128886,0,218654,0,0,776342,0,3052332,82245,14455236,0,960894,2612583,0,0,0,94916,0,0,5677616,0,2428526,4147375,336177,0,0,607830,9675752,0,0,7092798,0,585682,8807839,8147950,2158757,1036678,0,7481620,3329980,0,61873,0,0,114031,0,252627,0,0,0,605246,0,0,0,0,0,0,2765813,7578787,5837997,73850,477434,0,264267,0,0,138854,0,2615527,2191265,0,973560,225137,0,0,0,5022424,0,0,0,1048415,0,0,9506661,4772849,0,1703057,0,0,3210890,3944376576,0,1797894,456691,1572762,62806,0,0,0,300823,885863,78731,132426,0,0,1045824,939413,0,0,148086,77087,0,0,197241,284851,0,2033480,405510,0,0,0,0,0,87643,3804517,0,0,673522,0,0,274161,37209,53664,3161917,190960,310381,52574,0,0,5521512,253037,0,0,0,0,0,0,0,132507,0,1256608,113250,0,0,0,0,78689,224965,1075315,98113,2739538,5002758,3478354,7478256,0,0,0,266787,1014334,0,1356665,292260,0,679832,0,55144,690285,490192,133293,0,73799
"zr1429.53",0,264775,317945,0,0,37637,50949,0,27662258,0,0,0,113895,605899,0,0,0,0,383587,0,2369327,0,4123539,107893,0,0,0,2662028,1105905,62374,0,75545,0,0,1209171,260178,352719,0,0,1088297,0,0,37381,89302,0,115115,0,0,0,306914,0,0,755294,0,3242207,191552,2862369,0,0,3065192,175786,0,0,242041,22290,0,8149831,0,3490088,5022450,171462,0,0,722634,8640485,0,0,9526693,67548,1834850,11146918,13298437,3608768,869339,0,16924800,7951618,0,84420,36081,0,363743,0,201130,0,114230,0,936313,0,44432,455671,0,0,0,2458304,10286437,8827474,0,240635,0,260451,56439,196824,141749,67499,4211848,2483423,340981,3042546,224243,194384,0,32685,4404748,0,0,35900,2551337,0,0,25450448,5002176,0,1906200,94911,0,3259556,8954905600,0,2126746,1030242,1568606,236687,0,263556,0,208048,21102074,99881,0,0,0,2434008,860143,0,105852,231772,1122927,0,0,2118717,254520,236895,4181963,860199,97416,1174965,763648,0,0,0,4433089,132368,0,1381068,66520,0,190573,169852,0,3556492,911760,487698,134223,728592,0,7931033,231586,0,0,233946,0,361855,174063,0,0,0,1822844,399322,0,51319,0,0,0,274863,4204281,87838,3016467,4805854,2684796,12322620,0,0,0,201277,1143679,0,1342110,588249,90168,718456,62262,64073,2268306,1623574,515034,0,346482
"zr1429.54",0,147544,0,0,170488,0,210627,0,21799236,0,0,0,0,637391,0,0,0,0,1224255,0,4172636,0,4809968,72405,0,0,0,2848696,0,36342,0,161859,0,0,2599140,134556,527728,0,0,0,90061,178148,27706,91288,0,114342,0,0,0,206154,0,0,751428,0,2527989,80732,12668052,0,547153,2379813,0,0,0,156995,0,0,5358621,0,2404208,3790451,77890,0,0,372785,8787888,0,0,7804398,0,0,8630179,8785504,1360648,730015,0,7392324,3250953,0,44847,0,0,75479,0,0,0,0,0,431560,0,0,161807,0,0,0,2443493,7554564,5607015,0,380866,0,298688,28965,0,126473,0,2519027,2304331,57584,461050,139170,0,0,35638,4034546,91901,0,0,1033143,0,0,6957300,5605763,0,1567547,0,0,3820988,2507299584,291431,1343821,1061051,1661954,0,0,140019,0,276657,898805,56828,0,0,0,1375831,413901,0,0,117679,101658,0,0,120652,332149,105599,1218391,447164,0,0,0,0,0,64881,4154121,0,0,1112073,48862,0,223816,39918,0,3075896,499806,354160,77753,208153,0,5231150,168329,0,0,96827,0,0,0,0,0,0,1675712,137380,0,82786,93274,106466,217601,224536,2104004,184956,3171829,5170378,2560000,8250023,885701,0,0,393777,982533,0,1150332,0,104697,658421,0,0,323626,387464,188482,0,69650
