"","C.Acidobacteria.01","Iamia.01","F.Acidimicrobiales.01","Actinomyces.01","F.Actinomycetaceae.01","F.Actinomycetaceae.02","Actinopolyspora.01","Alloscardovia.01","Bifidobacterium.01","Corynebacterium.01","Corynebacterium.02","F.Corynebacteriaceae.01","F.Corynebacteriaceae.02","Mycobacterium.01","Gordonia.01","O.Corynebacteriales.01","Blastococcus.01","F.Sporichthyaceae.01","Quadrisphaera.01","Brachybacterium.01","Yimella.01","Aquipuribacter.01","Janibacter.01","F.Intrasporangiaceae.01","Frigoribacterium.01","Microbacterium.01","Arthrobacter.01","Kocuria.01","Micrococcus.01","Nesterenkonia.01","Rothia.01","Sanguibacter.01","O.Micrococcales.01","Nocardioides.01","Friedmanniella.01","Microlunatus.01","Propionibacterium.01","Propioniciclava.01","F.Propionibacteriaceae.01","F.Propionibacteriaceae.02","Pseudonocardia.01","Streptomyces.01","Nocardiopsis.01","C.Actinobacteria.01","Atopobium.01","Eggerthella.01","Olsenella.01","Slackia.01","F.Coriobacteriaceae.01","O.Gaiellales.01","P.Actinobacteria.01","Porphyromonas.01","Tannerella.01","F.Porphyromonadaceae.01","Alloprevotella.01","Prevotella.01","Prevotella.02","Prevotella.03","Prevotella.04","F.Prevotellaceae.01","RikenellaceaeRC9gutgroup.01","O.Bacteroidales.01","Hymenobacter.01","Nibribacter.01","Pontibacter.01","Salinibacter.01","Bergeyella.01","Capnocytophaga.01","Chryseobacterium.01","Cloacibacterium.01","Flavobacterium.01","F.Flavobacteriaceae.01","F.NS11-12marinegroup.01","Pedobacter.01","F.WCHB1-69.01","P.Bacteroidetes.01","Camelinasativa.01","C.Chloroplast.01","C.Chloroplast.02","Pleurocapsa.01","Deinococcus.01","Bacillus.01","Oceanobacillus.01","Salimicrobium.01","Gemella.01","Exiguobacterium.01","Planococcus.01","Planomicrobium.01","F.Planococcaceae.01","Aliicoccus.01","Jeotgalicoccus.01","Salinicoccus.01","Staphylococcus.01","Planifilum.01","Shimazuella.01","O.Bacillales.01","Abiotrophia.01","Aerosphaera.01","Alloiococcus.01","Atopostipes.01","Carnobacterium.01","Dolosigranulum.01","Granulicatella.01","F.Carnobacteriaceae.01","Enterococcus.01","Lactobacillus.01","Fructobacillus.01","Streptococcus.01","O.Lactobacillales.01","O.RS-F29.01","C.Bacilli.01","Clostridiumsensustricto.01","Proteiniclasticum.01","F.ClostridialesvadinBB60group.01","Anaerococcus.01","Finegoldia.01","Parvimonas.01","Peptoniphilus.01","FamilyXIIIUCG-001.01","Mogibacterium.01","[Eubacterium]brachygroup.01","[Eubacterium]nodatumgroup.01","F.FamilyXIII.01","F.FamilyXIII.02","Anaerostipes.01","Blautia.01","Butyrivibrio.01","Catonella.01","Dorea.01","Fusicatenibacter.01","Johnsonella.01","Lachnoanaerobaculum.01","Lachnospira.01","LachnospiraceaeNK4A136group.01","LachnospiraceaeUCG-008.01","Oribacterium.01","Pseudobutyrivibrio.01","Roseburia.01","Stomatobaculum.01","[Eubacterium]halliigroup.01","[Eubacterium]ventriosumgroup.01","[Ruminococcus]gauvreauiigroup.01","F.Lachnospiraceae.01","F.Lachnospiraceae.02","Peptococcus.01","Filifactor.01","Peptoclostridium.01","Peptostreptococcus.01","F.Peptostreptococcaceae.01","Faecalibacterium.01","Ruminiclostridium.01","Ruminococcaceae.01","Ruminococcaceae.02","Ruminococcus.01","Subdoligranulum.01","F.Ruminococcaceae.01","O.Clostridiales.01","F.Thermoanaerobacteraceae.01","Bulleidia.01","ErysipelotrichaceaeUCG-006.01","Solobacterium.01","Phascolarctobacterium.01","Anaerovibrio.01","Centipeda.01","Dialister.01","Megasphaera.01","Selenomonas.01","Selenomonas.02","Veillonella.01","F.Veillonellaceae.01","F.Veillonellaceae.02","P.Firmicutes.01","Fusobacterium.01","Leptotrichia.01","O.Fusobacteriales.01","Brevundimonas.01","Caulobacter.01","Phenylobacterium.01","F.Caulobacteraceae.01","O.OCS116clade.01","Aureimonas.01","Bosea.01","Bradyrhizobium.01","Devosia.01","Methylobacterium.01","Mesorhizobium.01","F.Phyllobacteriaceae.01","Rhizobium.01","O.Rhizobiales.01","Paracocccus.01","Rubellimicrobium.01","Stappia.01","F.Rhodobacteraceae.01","Achromobacter.01","Alcaligenes.01","F.Alcaligenaceae.01","Burkholderia.01","Lautropia.01","Ralstonia.01","F.Burkholderiaceae.01","Acidovorax.01","Comamonas.01","Delftia.01","Hydrogenophaga.01","Ottowia.01","Pelomonas.01","Roseateles.01","Schlegelella.01","Tepidimonas.01","Variovorax.01","F.Comamonadaceae.01","Massilia.01","F.Oxalobacteraceae.01","O.Burkholderiales.01","F.Methylophilaceae.01","Kingella.01","Neisseria.01","F.Neisseriaceae.01","F.Neisseriaceae.02","Propionivibrio.01","C.Betaproteobacteria.01","Bdellovibrio.01","Aeromonas.01","Cardiobacterium.01","Cellvibrio.01","Enterobacter.01","Escherichia-Shigella.01","Proteus.01","F.Enterobacteriaceae.01","Alcanivorax.01","Halomonas.01","O.Oceanospirillales.01","Actinobacillus.01","Aggregatibacter.01","Haemophilus.01","Acinetobacter.01","Alkanindiges.01","Moraxella.01","Psychrobacter.01","Pseudomonas.01","O.Pseudomonadales.01","Lysobacter.01","Silanimonas.01","Stenotrophomonas.01","Thermomonas.01","F.Xanthomonadaceae.01","C.Gammaproteobacteria.01","P.Proteobacteria.01","CandidatusSaccharimonas.01","P.Saccharibacteria.01","Treponema2.01","Fretibacterium.01","Mycoplasma.01","Akkermansia.01","K.Bacteria.01","Unassigned"
"zr1429.29",0.0,0.0,0.0,0.0586150655418,0.0,0.0,0.000865835732839,0.0,0.0,0.0,0.0,0.0,0.0,0.0,0.0,0.0,2.01357147172e-05,0.0,0.0,0.0,0.0,0.0,0.0,0.0,0.0,0.0,0.00050339286793,0.0,0.0,0.0,0.373235607998,0.0,0.0,0.00106719288001,0.0,0.0,0.190624811228,0.0,0.0,0.0,0.0,0.0,0.0,0.000302035720758,0.0,0.0,0.0,0.0,0.0,0.0,0.0,0.0,0.0,0.0,0.0,0.0,0.0,0.0,0.0,0.0,0.0,0.0,0.0,0.0,0.0,0.0,0.0,0.0,0.0,0.0,0.0,0.0,0.0,0.0,0.0,0.0,0.0,0.0,0.0,0.0,0.0,0.0,0.0,0.0,0.0251897791112,0.0,0.0,0.0,0.0,0.0,0.0,0.0,0.0,0.0,0.0,0.0,0.0,0.0,0.0,0.0,0.0,0.0,0.00366470007853,0.0,0.0,0.0237198719369,0.0,0.141755431609,0.153373739001,0.0,0.000604071441516,0.0,0.0,0.0,0.0,0.0,0.0,0.0,0.0,0.0,0.0,0.0,0.0,0.0,0.0,0.0,0.0,0.0,0.0,0.0,0.0,0.0,0.0,0.0,2.01357147172e-05,4.02714294344e-05,0.0,0.0,0.0,0.0,0.0,0.0,0.0,0.0,0.0,0.0,0.0,0.0,0.0,0.0,0.0,0.0,0.0,0.0,0.0,0.0,0.0,0.0,0.0,0.0,0.0,0.0,0.0,0.0,0.0,0.0,0.0,0.0,2.01357147172e-05,0.0,0.0,0.0,0.0,0.0,0.0,0.0,0.0,0.0,0.0,0.0,0.0,0.0,0.0,0.0,0.0,0.0,0.0,0.0,0.0,0.0,0.0,0.0,0.000322171435475,0.0,0.0,0.0,0.0,0.0,0.000563800012081,0.0,0.0,0.0,0.0,0.0,0.0,0.0161689789179,0.0,0.0,0.0,0.0,0.000100678573586,0.0,0.0,0.0,6.04071441516e-05,0.0,0.0,0.0,0.0,0.0,0.0,0.0,0.0,0.0,0.0,0.0,2.01357147172e-05,0.0,0.0,0.0,0.0,0.0,0.0,0.0,0.0,0.00861808589896,0.0,0.0,0.0,0.0,0.0,0.0,0.0,2.01357147172e-05,0.0,0.0,0.00050339286793,0.0,0.0,0.0,0.0,0.0,0.0,0.0,0.0,0.0
"zr1429.30",0.0,0.0,0.0,0.0817472573755,0.0,0.0,0.0,0.0,0.0,2.00557549989e-05,0.0142796975592,0.000641784159965,0.0,0.0,0.0,6.01672649967e-05,0.0,0.0,0.0,0.0,0.0,0.0,0.0,0.0,0.0,0.00072200717996,0.0,0.0,0.0,0.0,0.00108301076994,0.0,0.0,0.0,0.0,0.0,0.133832053108,0.0,0.0,0.0,0.0,0.0,0.0,4.01115099978e-05,0.00054150538497,0.0,0.0,8.02230199956e-05,0.0,0.0,0.0,4.01115099978e-05,0.0,0.0,0.00192535247989,0.00206574276489,0.0,0.000160446039991,0.00778163293957,0.00276769418985,0.0,0.00324903230982,0.0,0.0,0.0,0.0,0.000100278774994,2.00557549989e-05,0.0,0.0,0.0,0.0,0.0,0.0,0.0,2.00557549989e-05,0.0,8.02230199956e-05,0.0,0.0,0.0,0.0,0.0,0.0,0.090451455045,0.0,0.0,0.0,0.0,0.0,0.0,0.0,0.0,0.0,0.0,0.0,0.0,0.0,0.0,0.0,0.0,0.0,0.0144000320892,0.0,0.0,0.0,0.0,0.200557549989,0.0649806461964,0.0,0.0282184472834,0.0,0.0,0.0,0.0,0.0,0.104209702974,0.00395098373478,0.0,0.0239064599587,0.0317883716733,0.000320892079982,0.0,0.0,0.0,0.0,0.0,0.00509416176972,0.0,0.0,0.0,0.0,0.0,0.0,6.01672649967e-05,0.017348228074,0.0,0.0,0.00836324983454,0.0,0.0,0.0,0.0,8.02230199956e-05,0.0,0.0,0.0,0.0,0.0,0.0,0.0,0.0,0.0,0.0,0.0,0.0,2.00557549989e-05,0.00260724814986,0.00429193156976,0.0,0.0055353883797,0.0,0.0,0.0,0.000581616894968,4.01115099978e-05,0.0,0.000100278774994,0.0201359780189,0.0,0.0,0.0,0.00266741541485,0.0,2.00557549989e-05,0.0,6.01672649967e-05,0.0,0.0,0.0,0.0,0.0,0.0,0.0,0.0,0.0,0.0,0.0,0.0,0.0,0.0,0.0,0.0,0.0,0.0018050179499,0.0,0.000822285954955,0.0,6.01672649967e-05,0.0,0.0,0.0,0.0,0.0,0.0,0.000561561139969,0.0,0.0,0.0,0.0,0.0,0.0,0.0,0.0,0.0,0.0,0.0,0.0,0.0,0.0,0.0,0.0,0.0,0.0,0.000240669059987,0.0,0.0,0.0,0.0,4.01115099978e-05,0.0,0.0,0.0,0.0,2.00557549989e-05,0.00344958985981,0.0,6.01672649967e-05,0.0,0.000260724814986,0.0,0.0,0.0,0.0,0.0,0.0,4.01115099978e-05,0.0,0.0100479332544,0.00248691361986,0.0,0.0,0.0,0.0,0.0990553739396,0.0
"zr1429.31",0.0,0.0,0.0,0.0914885866926,0.00238789056176,0.0,0.0,0.0,0.0,0.111664238303,0.000242836328315,0.0,2.02363606929e-05,0.0,0.0,0.0,0.0,0.0,0.0,0.0,0.0,0.0,0.0,0.0,0.0,0.00176056338028,0.000667799902865,0.0,0.0,0.0,0.000465436295937,0.0,0.0,0.000242836328315,0.0,0.0,0.301157519832,0.0,0.00269143597215,0.0,0.0,0.0,0.0,0.000202363606929,2.02363606929e-05,0.0,0.0,0.0,0.000303545410393,0.0,0.0,0.0022664723976,0.00936943500081,0.0167961793751,0.000222599967622,0.010016998543,0.0170997247855,0.0,0.00119394528088,0.0,0.0,0.0,0.0,0.0,0.0,0.0,6.07090820787e-05,0.00408774485996,0.000161890885543,0.0,0.0,0.0,0.0,0.0,0.0,0.0,0.0,0.0,0.0,0.0,0.0,0.0,0.0,0.0,0.00188198154444,0.0,0.0,0.0,0.0,0.0,0.0,0.0,0.000870163509794,8.09454427716e-05,0.0,0.0,0.0,0.0,0.0,0.0,0.0,0.0,0.0,0.0,0.0,0.0,0.0,0.0134976525822,0.00174032701959,0.0,0.000667799902865,0.0,0.0,0.0,0.0,0.0,0.0,0.0,0.0,0.0,0.00692083535697,0.0,0.0,0.0,0.0,0.0,0.0,2.02363606929e-05,0.0,0.0,0.0302938319573,0.0118180346446,0.0,0.0,0.0,0.0,0.0,0.0,0.0,0.0,0.0,0.0,0.10193054881,4.04727213858e-05,0.00062732718148,0.0,0.0,0.0022867087583,0.0,0.0,0.0,0.0,0.00562570827262,0.0,0.0,0.0,0.0,0.0,0.0,0.0,0.0,0.0,0.0,4.04727213858e-05,0.0,0.0,0.000222599967622,0.044014084507,0.0225028330905,0.00139630888781,0.0,2.02363606929e-05,0.036243322001,0.000890399870487,0.0,0.00105229075603,0.0,0.0,0.0,0.0,0.0,4.04727213858e-05,0.0,0.0,0.0,0.0,0.0,0.0,0.0,0.000121418164157,0.0,0.0,0.0,0.0,4.04727213858e-05,0.0,0.000505909017322,0.00246883600453,0.00362230856403,0.0,0.0,2.02363606929e-05,0.0,0.0,0.0,0.0048364902056,0.0,0.0,0.0,0.0,0.0,0.0,0.0,0.0,0.0,0.0,0.00062732718148,2.02363606929e-05,0.0022867087583,0.000242836328315,0.0,0.0,0.0,0.0379431762992,0.0,0.0,0.0,0.0,0.0,0.0,0.0,0.0,0.0,0.00611138092925,0.0,0.00408774485996,0.0,0.000101181803464,0.0,0.000566618099401,0.0,0.0,0.0,0.0,0.0,0.0,0.0,0.00159867249474,0.00263072689008,0.025497814473,0.0074065080136,0.0,0.000161890885543,0.0,0.0397846851222,0.0
"zr1429.32",0.0,0.0,0.0,0.0936196663458,0.0,0.0,0.0,0.0,0.0,0.0,4.01026628168e-05,0.0,0.0,0.0,0.0,2.00513314084e-05,0.0,0.0,0.0,0.0,0.0,0.0,0.0,0.0,0.0,0.0141361886429,0.0,0.0,0.0,0.000401026628168,0.0369345524543,0.0,0.0,0.0,0.0,0.0,0.413538658967,0.000280718639718,0.0,0.0,0.0,0.0,0.0,0.000160410651267,0.0116698748797,0.0,0.0,0.0,0.0,0.0,0.000802053256336,0.0,0.0,0.0,0.00150384985563,0.0149582932307,0.0,0.0142364453,0.0159809111325,0.00802053256336,0.00186477382098,0.00210538979788,0.0,0.0,0.0,0.0,0.0,0.000621591273661,0.0,0.0,0.0,0.0,0.000721847930703,0.0,0.000782001924928,0.0,0.0,0.0,0.0,0.0,0.0,0.0,0.0,0.0,0.000641642605069,0.0,0.0,0.0,0.0,0.0,0.0,0.0,0.00551411613731,0.0,0.0,0.0,0.000922361244787,0.0,0.0,0.0,0.0,0.0,4.01026628168e-05,0.0,2.00513314084e-05,0.0,0.0,0.0663498556304,0.0212945139557,0.0,0.000661693936477,0.0,0.0,0.0135346487007,0.0264477061277,0.0,0.0288939685595,0.00505293551492,0.0,0.00234600577478,0.00775986525505,0.00579483477703,0.0,0.0,0.0,0.0,0.00701796599294,0.00437119024703,0.0,0.0,0.0,0.0,0.0,0.0,0.0,0.0375761950594,0.0,0.0,0.00304780237408,0.0,0.0,0.0,0.0,2.00513314084e-05,0.0,0.0,0.0,0.00771976259224,0.0,0.0,0.0,0.0,0.00116297722169,0.0,0.0,0.0,0.0,0.0,0.00773981392364,0.0,0.0217155919153,0.0,0.0,0.0,2.00513314084e-05,0.000521334616619,0.00898299647097,6.01539942252e-05,0.0139356753288,0.0,0.0,4.01026628168e-05,0.000401026628168,0.0,0.0,0.000922361244787,0.0,0.0,0.0,4.01026628168e-05,0.0,0.0,0.0,4.01026628168e-05,0.0,0.0,0.0,0.0,0.0,0.0,0.0,6.01539942252e-05,0.0,0.0,0.0,0.0,0.00224574911774,0.0,0.00539380814886,0.00134343920436,0.0,0.0,0.0,0.0,0.0,0.00751924927815,0.0,0.0,0.0,0.0,0.0,0.0,0.0,0.0,0.0,0.0,0.0,0.0,0.0,0.0,0.0,0.0,0.0,0.0,0.0,0.0,0.0,0.0,0.0,0.0,4.01026628168e-05,0.0,0.0,0.0,0.0033485723452,0.00346888033365,0.0,0.0,0.000461180622393,0.0,0.0,0.0,0.0,0.0,0.0,0.0,0.0,0.0,0.00403031761309,0.0249238049406,0.000200513314084,0.0,0.0,0.0,0.0139557266603,0.0
"zr1429.33",0.0,7.9947234825e-05,0.0,3.99736174125e-05,0.0,0.0,0.0,0.0,0.0,9.99340435313e-05,0.0353766514101,0.0,0.0,0.000279815321888,0.0,0.0,0.000599604261188,0.0,0.0,0.0,0.0,0.0003197889393,0.0,0.0,0.0,0.0038374672716,0.0,0.0,0.0,0.0,3.99736174125e-05,0.0,0.0,0.0,0.0,0.0,0.763456118961,0.0,0.0,0.0,0.0,0.0,0.0,0.000379749365419,0.0,0.0,0.0,0.0,0.0,0.0,0.0,3.99736174125e-05,0.0,0.0,0.0,0.0,0.0,0.0,0.0,0.0,0.0,0.0,0.0,0.0,0.0,0.0,0.0,0.00145903703556,0.0,0.0,0.0,0.0,0.0,0.000759498730838,0.0,0.0,0.0,0.0,0.0,0.0,0.0,0.0,0.0,0.0,0.0,0.0,0.0,0.0,0.0,0.0,0.0,0.0,0.00377750684548,0.0,0.0,0.0,0.0,0.0,0.0,0.0,0.0,0.0,0.0,0.0,0.0,0.0,0.0009593668179,0.000719525113425,0.000119920852238,0.0,0.000739511922131,0.0,0.0,0.0,0.0222653048988,0.00537645154198,0.0,0.0,0.0,0.0,0.0,0.0,0.0,0.0,0.0,0.0,0.0,0.0,0.0,0.0,0.0,0.0,0.0,0.0,0.0,0.0,0.0,0.0,0.0,0.0,0.0,0.0,0.0,0.0,0.0,0.0,0.0,0.0,0.0,0.0,0.0,0.0,0.0,0.0,0.0,0.0,0.0,0.0,0.0,0.0,0.0,0.0,0.0,0.0,0.0,0.0,0.0,0.0,0.0,0.0,0.0,0.0,0.0,0.0,0.0,0.0,0.0,0.0,0.0,0.0,0.0,0.0,3.99736174125e-05,0.0,3.99736174125e-05,0.0,0.0,0.0,0.0,0.0,0.0,0.0,0.0,0.0,0.0,0.0,0.00179881278356,0.0,0.000179881278356,0.0,0.0,0.0,0.0,0.0,0.0,0.00175883916615,0.0,0.0,0.0,0.0,0.0,0.00387744088901,0.0,0.0,0.0,0.0,0.0,0.0,0.0,0.0,0.0,0.0,0.0,1.99868087063e-05,0.0,0.0,0.0,0.0,0.0,0.0,0.0,0.0,0.0,0.0,0.0,0.0182079827314,0.0,0.133252053645,0.0,3.99736174125e-05,0.0,0.0,0.0,0.0,0.0,0.0,0.0,1.99868087063e-05,0.0,0.0,0.0,0.0,0.0,0.0,3.99736174125e-05,0.0
"zr1429.34",0.0,0.0,0.0,0.00896692035265,0.0,0.0,0.00263732951548,0.0,0.0,0.0080626930902,0.000301409087484,0.0,0.0,0.0,0.016351442996,0.0,0.0,0.0,0.0,0.000226056815613,0.0,0.0,0.0,0.0,0.0,0.0136387612087,0.0,0.0,0.00075352271871,0.0,0.00256197724361,0.0,0.0,0.0,0.0,0.0,0.865119433351,0.0,0.0,0.0,0.0,0.0,0.0,0.000452113631226,7.5352271871e-05,0.0,0.0,0.0,0.0,0.0,0.0,0.00263732951548,0.0,0.0,7.5352271871e-05,0.00120563634994,0.0,0.0,0.0,0.00135634089368,0.0,0.0,0.0,0.0,0.0,0.0,0.0,0.0,0.0,0.0,0.0,0.0,0.0,0.0,0.0,0.0,0.0,0.0,0.0,0.0,0.0,0.0,0.0,0.0,0.0,0.0,0.0,0.0,0.0,0.0,0.0,0.0,0.0,0.0,0.0,0.0,0.0,0.0,0.0,0.0,0.00203451134052,0.0,0.00150704543742,7.5352271871e-05,0.0,0.0,0.0,0.000376761359355,7.5352271871e-05,0.0,0.00135634089368,0.0,0.0,0.0,0.000150704543742,0.00188380679677,7.5352271871e-05,0.0,0.0,0.0,0.0,0.0,0.0,0.0,0.0,0.0,0.0,0.0,0.0,0.0,0.0,0.0,0.0,0.0,0.0,7.5352271871e-05,0.0,0.0,0.0,0.0,0.0,0.0,0.0,0.0,0.0,0.0,0.0,0.0,0.0,0.0,0.0,0.0,0.0,0.0,0.0,0.0,0.0,0.0,0.0,0.0,7.5352271871e-05,0.0,0.0,0.0,0.0,0.0,0.0,0.0,0.0,0.0,0.0,0.0,0.0,0.0,0.0,0.0,0.0,0.0,0.0,0.0,0.0,0.0,0.000678170446839,0.0,0.0,0.0,0.0,0.0,0.0,0.000904227262452,0.0,0.0,0.0,0.0,0.0,0.0,0.0101725567026,0.0,0.0167282043554,0.0,0.0,0.0,0.0,0.0,0.0,0.0177077838897,0.0,0.0,0.0,0.0,0.0,0.0,0.0,0.0,0.0,0.0,0.0,0.0,0.0,0.0,0.0,0.0,0.0,0.0,0.0,0.0,0.0,0.0,0.0,7.5352271871e-05,0.0,0.0,0.0,0.0,0.00791198854645,0.00444578404039,0.0,0.0,0.0,0.00866551126516,0.0,0.0,0.0,0.0,0.0,0.0,0.0,0.0,0.0,0.000602818174968,0.0,0.0,0.0,0.0,0.0,0.0
"zr1429.35",0.0,0.0,0.0,0.0747567327492,0.0,0.0,0.0,0.0,0.000242257843098,0.0,0.0142124601284,0.0,0.0,0.0,0.0,0.0,0.0,0.0,0.0,0.00014131707514,0.0,0.00575362377357,0.0,0.0,0.0,0.00514797916583,0.0,0.0,0.0,0.0635321193524,0.00914523357694,0.0,0.0,0.00534986070174,0.0,0.0,0.207554407074,0.0,0.0,4.03763071829e-05,0.0,0.0,0.0,2.01881535915e-05,0.0,4.03763071829e-05,0.0,0.0,0.0,0.0,0.0,0.00054508014697,0.0,0.0,0.000242257843098,0.0,0.0,0.0,0.00706585375702,0.0,0.0,0.0,0.0,0.0,0.0,0.0,0.0,0.0,0.0,0.0,0.0,0.0,0.0,0.0,0.0,0.000585456454153,0.0,0.0,0.0,0.0,0.0,0.0,0.0184115960754,0.0,0.0090039165018,0.0,0.0,0.0,0.0,0.0255178261396,0.0,0.0,0.0,0.0,0.0,0.0,0.00983163079905,0.0,0.0,0.0,0.0,0.0,0.0,0.0,0.0,0.0,0.0,0.0129406064521,0.059252230791,0.0,0.000302822303872,0.000323010457464,0.0,0.0,0.0,0.0,0.0,0.0,0.0,0.0,0.0,0.0,0.0,0.000625832761336,8.07526143659e-05,0.000726773529293,0.0,0.00975087818468,0.000181693382323,0.000262445996689,0.120906851859,0.0,0.0,6.05644607744e-05,0.0,0.0,0.000100940767957,0.000222069689506,0.0,0.000161505228732,4.03763071829e-05,8.07526143659e-05,0.0,0.000161505228732,0.0,0.0,0.00014131707514,0.0,0.000100940767957,0.00113053660112,6.05644607744e-05,0.0,0.0,0.000444139379012,0.000222069689506,6.05644607744e-05,0.0,0.0,0.0,0.0,0.0,4.03763071829e-05,0.0,0.0,0.000868090604433,0.0,0.0,0.0,0.00316954011386,0.0,0.0,0.0,0.0342189203375,0.0,0.0,0.0,0.0,0.0,0.0,0.0,0.0,0.0,0.0,0.0,0.0,0.0,0.0,0.0,0.0,0.0,0.0,0.0,0.0,4.03763071829e-05,0.000363386764647,2.01881535915e-05,0.0,0.0,0.0101950175637,0.0,0.0,0.0,0.0,0.0,0.0,0.0030685993459,0.0,0.0,0.0,0.0,4.03763071829e-05,0.0,0.0,0.0,0.0,0.0,0.00123147736908,0.000100940767957,0.0446360075907,0.0,0.0,0.0,0.0,0.0,0.0,0.0,4.03763071829e-05,0.0,0.0,0.00161505228732,0.0,0.0,0.0,0.0,0.0414866556305,0.0302822303872,0.0,0.000222069689506,0.0,0.000767149836476,0.0,0.0,0.0,0.0,0.0,0.0,2.01881535915e-05,0.034097791416,0.0,0.00843864820124,0.0,0.0,0.0524891993378,8.07526143659e-05,0.0669842936165,0.0
"zr1429.36",0.0,0.0,0.0,0.145977334834,0.0,0.0,0.0,0.0,0.0,0.00777608101591,0.0,0.0,0.0,0.0,0.0,0.0,0.00188876386433,0.0,0.0,0.0,0.0,0.0,0.0,0.0,0.0,0.000381771419386,0.0,0.0,0.0,0.0,0.0854967047099,0.0,0.0,0.000763542838772,4.01864651985e-05,0.0,0.111979585276,0.0,0.00162755184054,0.0,0.000663076675776,0.0,0.0,0.000100466162996,0.000642983443176,0.0,0.0,0.0,0.0,0.0,0.0,0.00721347050313,0.0,0.000602796977978,0.00632936826877,0.0027527728661,0.000361678186787,0.000140652628195,0.0054854524996,0.00305417135509,0.0,0.0,0.0,0.0,0.0,0.0,0.0,0.000442051117184,0.0,0.0,0.0,0.0,0.0,0.0,0.0,0.0,0.0,0.0,0.0,0.0,0.0,0.0,0.0,0.0,0.0590540106092,0.0,0.0,0.0,0.0,0.00108503456036,0.0,0.0,6.02796977978e-05,0.0,0.0,0.0,0.00122568718855,0.00026121202379,0.0,0.0,0.0,0.0,0.0270856775438,4.01864651985e-05,0.0,0.0,0.0,0.179472753577,0.048384504099,0.0,0.00476209612602,0.0,0.0,0.0,0.0,0.0,0.00982559074104,0.0,0.00054251728018,0.00401864651985,0.0189077318759,0.0,0.000180839093393,0.0,0.0,0.0,0.0,0.00506349461501,0.0,0.0,0.00520414724321,0.00028130525639,0.0,0.0,2.00932325993e-05,0.0220422761614,0.0,0.0,0.0103078283234,0.0,0.0,0.0,0.00164764507314,2.00932325993e-05,0.00217006912072,0.00590741038418,0.00112522102556,0.0240917858865,0.0,0.0,0.0,0.0,0.00100466162996,0.0,0.0,0.0,0.0,0.0,0.000683169908375,0.000241118791191,0.00148689921235,0.0,0.0,4.01864651985e-05,0.0,0.0,0.00174811123614,0.00345603600707,0.0172199003376,0.0,0.0,2.00932325993e-05,0.0475004018647,0.0,0.0,0.0,0.0,0.0,0.0,0.0,0.0,0.0,0.0,0.0,4.01864651985e-05,4.01864651985e-05,0.0,2.00932325993e-05,0.0,0.000241118791191,6.02796977978e-05,0.0,0.0,0.0,0.0,0.0,0.000442051117184,4.01864651985e-05,0.0,0.00178829770133,0.0,0.0,2.00932325993e-05,0.000180839093393,0.0,0.00231072174891,0.0,0.000522424047581,0.0,0.0,0.000200932325993,0.0,0.0,2.00932325993e-05,0.0,0.0,0.00679151261855,8.0372930397e-05,0.022665166372,0.0,0.0,0.0,0.0,0.0,0.0,0.0,0.0,0.0,0.0,0.0,0.0,0.0,0.000341584954187,0.00229062851632,0.0207764025076,0.00214997588812,0.0,0.000522424047581,0.0,4.01864651985e-05,0.0,0.0,0.0,0.0,0.0,0.0,2.00932325993e-05,0.0166171033596,0.00241118791191,0.0120760327922,2.00932325993e-05,0.000421957884584,0.000944381932165,0.0,0.015994213149,0.0
"zr1429.37",0.0,0.0,0.0,0.134214214214,0.0,0.0,0.0,0.0,0.0,0.0,4.004004004e-05,0.0,0.0,0.0,0.0,0.0,0.00438438438438,0.0,0.0,0.0,0.0,0.0,0.0,0.0,0.0,0.00182182182182,2.002002002e-05,0.0,0.0,0.0,0.0137737737738,0.0,0.0,2.002002002e-05,0.0,0.0,0.0263263263263,0.0,0.0,0.0,0.0,0.0,0.0,0.0,0.00828828828829,0.0,0.0,0.0,0.0,0.0,0.0,0.0111711711712,0.0,0.0,0.0107907907908,0.0132332332332,0.0,0.0288488488488,0.288368368368,0.00042042042042,0.0,0.00116116116116,0.0,0.0,0.0,0.00048048048048,0.0,0.0,0.0,0.0,0.0,0.0,0.0,0.0,0.0,0.0,0.0,0.0,0.0,0.0,0.0,0.0,0.0,0.0,0.0328528528529,0.0,0.0,0.0,0.0,0.0,0.0,0.0,0.0,0.0,0.0,0.0,0.000680680680681,0.0,0.0,0.0,0.0,0.0,0.00844844844845,2.002002002e-05,0.0,0.0,0.0,0.0774374374374,0.0907707707708,0.0,6.00600600601e-05,0.0,0.0,0.0,0.0,0.0,0.00592592592593,0.0,0.0,0.00034034034034,0.017037037037,0.00044044044044,0.00038038038038,0.0,0.0,0.0,0.000740740740741,0.0,0.0,0.0,0.0,8.00800800801e-05,0.0,0.0,0.0,0.00814814814815,0.0,0.0,0.0,0.0,0.0,0.0,0.0,0.00118118118118,0.0,0.0,0.0,0.0214814814815,0.0,0.0,0.0,0.0,0.0,0.0,0.0,0.0,0.0,0.0,0.00416416416416,0.0,0.00144144144144,0.0,0.0,0.0,0.0,0.00226226226226,0.00262262262262,0.00158158158158,0.0763563563564,0.0,6.00600600601e-05,2.002002002e-05,0.0218018018018,0.0,0.0001001001001,0.0,0.0,0.0,0.0,0.0,0.0,0.0,0.0,0.0,0.0,0.0,0.0,0.0,0.0,0.00034034034034,0.0,0.0,0.0,0.0,0.0,0.0,0.00228228228228,0.00032032032032,0.0021021021021,0.0018018018018,0.0,0.0,0.0,0.0,0.0,0.0215615615616,0.0001001001001,0.00014014014014,0.0,0.0,0.00012012012012,0.0,0.0,0.0,0.0,0.0,8.00800800801e-05,0.0,0.00258258258258,0.0,0.0,0.0,0.0,0.0,0.0,0.0,0.0,0.0,0.0,0.0,0.0,0.0,0.00412412412412,0.0,0.00702702702703,0.0045045045045,0.0,0.0,0.0,0.00024024024024,0.0,0.0,0.00046046046046,4.004004004e-05,2.002002002e-05,0.0,0.0,0.00198198198198,0.0,0.00274274274274,0.00384384384384,0.00014014014014,0.00532532532533,0.0,0.0183183183183,0.0
"zr1429.38",0.0,0.0,0.0,0.15061772892,0.000120141767285,0.0,0.00118139404497,0.0,0.0,0.00156184297471,0.000260307162452,0.0,0.0,0.0,0.0,0.0,0.0,0.0,0.0,0.0,0.0,0.0,0.0,0.0,2.00236278809e-05,0.000120141767285,0.0,0.0,0.0,0.0,0.0591297731323,0.0,0.0,0.0,0.0,0.0,0.00662782082858,0.0,0.0,0.0,0.0,0.0,0.0,4.00472557618e-05,0.00328387497247,0.0,0.0,0.0,0.0,0.0,0.0,0.00384453655313,6.00708836427e-05,0.0,0.000861015998879,0.013275665285,0.0,0.00971145952224,0.0675997677259,0.0,0.0,0.0013616066959,0.0,0.0,0.0,0.0,2.00236278809e-05,0.00108127590557,0.0,0.0,0.0,0.0,0.0,0.0,0.0,0.000280330790333,0.0,0.0,0.0,0.0,0.0,0.0,0.0,4.00472557618e-05,0.0617528683847,0.0,0.0,0.0,0.0,0.0,0.0,0.0,0.0,0.0,0.0,0.0,0.0,0.0,0.0,0.0,0.0,0.0,0.0281932680563,0.000140165395166,0.0,0.0,0.0,0.116517490639,0.138563504936,0.0,0.000260307162452,0.0,0.0,0.0,0.0,0.0,0.0325183716786,0.0,0.0,0.0159187841653,0.0148375082597,0.00206243367173,0.00238281171783,0.0,0.0,0.0,0.00152179571895,0.00514607236539,0.0,0.0,0.0,0.00182215013716,0.0,0.0,0.0,0.0203640295549,0.0,0.0,0.00044051981338,0.0,0.0,0.0,0.00430507999439,0.00404477283194,0.0,0.0,0.0,0.069101539817,0.0,0.0,0.0,0.0,0.0,0.0,0.0,0.0,0.0,0.0,0.00308363869366,0.000340401673975,0.0114935624036,0.0,0.0,0.0,0.0,0.00022025990669,0.0113133497527,0.00254300074087,0.0476161871008,0.0,0.0,8.00945115236e-05,0.0190624937426,0.0,0.0,0.0,0.0,0.0,0.0,0.0,0.0,0.0,0.0,0.0,0.0,0.0,0.0,0.0,0.0,0.0,0.0,0.0,0.0,0.0,0.0,0.0,0.000100118139404,0.0,2.00236278809e-05,0.0,0.0,8.00945115236e-05,0.000420496185499,0.0,0.0,2.00236278809e-05,0.0,0.0,0.0,0.0,0.0,0.0,0.0,0.0,0.0,0.0,0.000160189023047,2.00236278809e-05,0.00298352055425,0.0,0.0,0.0,0.0,0.00310366232154,0.0,0.0,0.0,0.0,0.0,0.0,0.0,0.000140165395166,6.00708836427e-05,0.0,0.00630744278248,0.000300354418213,0.0,0.0,0.0,4.00472557618e-05,0.0,0.0,0.0,0.0,0.0,0.0,0.000520614324903,0.00244288260147,0.00374441841373,0.00752888408322,0.000260307162452,0.0,0.00472557617989,0.0,0.0302356781002,4.00472557618e-05
"zr1429.39",0.0,0.0,0.0,0.057229459823,0.000120440813377,0.0,0.0,0.0,0.0,0.0,0.000863159162535,0.0,0.0,0.0,0.0,0.0,0.0,0.0,0.0,0.0,0.0,0.0,0.0,0.0,0.0,0.0,0.0,0.0,0.0,0.0,0.0219403015035,0.0,0.0,0.0,0.0,0.0,0.0513278599675,0.0,0.0,0.0,0.0,0.0,0.0,2.00734688962e-05,0.00108396732039,0.0,0.000240881626754,0.0,0.0,0.0,0.0,0.00712608145814,0.0,4.01469377923e-05,0.000481763253508,0.0281630768613,0.0,0.019912881145,0.22713130056,0.00100367344481,0.0,0.00094345303812,0.000281028564546,0.0,0.0,0.0,0.0,0.0010237469137,0.0,0.0,0.000220808157858,0.0,0.0,0.0,0.0,0.0,0.0,0.0,0.0,0.0,0.0,0.000461689784612,0.0,0.0,0.0127265792802,0.0,0.0,0.0,0.0,0.0,0.0,0.0,0.00248911014312,0.0,0.0,0.0,0.0,0.0,0.0,0.0,0.0,0.0,0.0161390689925,0.0,0.0,0.0,0.0,0.0903105365638,0.0959712547925,0.0,0.000220808157858,0.0,0.0,0.0,0.0,0.0,0.0158178934902,0.0,0.0,0.00700564064476,0.0105385711705,0.000281028564546,0.0,0.0,0.0,0.0,0.0,0.00289057952105,0.0,0.0,0.0,0.0031113876789,0.0,0.0,0.0,0.00909328140996,0.0,0.0,0.00337234277455,0.0,0.0,0.0,2.00734688962e-05,0.000843085693639,0.0,0.0,0.0,0.0220607423169,0.0,0.0,0.0,0.0,0.0,0.0,0.0,0.0,0.000160587751169,0.0,0.000180661220065,0.000180661220065,0.00710600798924,0.0,0.0,0.0,2.00734688962e-05,0.00636328964008,0.00112411425818,0.000381395909027,0.121685368449,0.0,4.01469377923e-05,0.0,0.0162193628681,0.0,0.0,0.0,0.0,0.0,0.0,0.0,0.0,0.0,0.0,0.0,0.0,0.000863159162535,0.000562057129092,0.0,0.0,0.0,0.0,0.0,0.0,0.0,0.0,0.0,0.000602204066885,0.000100367344481,0.00124455507156,2.00734688962e-05,0.0,0.0,0.0,0.0,0.0,0.00196719995182,0.0,0.0,0.0,0.0,0.000140514282273,0.0,0.000843085693639,0.0,0.0,0.0,0.0,0.0,0.0010438203826,0.0,0.0,0.0,0.0,0.0,0.0,0.0,0.0,0.0,0.0,0.0,0.0,0.0,0.00309131421001,0.0,0.0168817873417,0.00134492241604,0.0,0.0,0.0,0.0,0.0,0.0,0.0,0.0,0.0,0.0,0.0,0.0010237469137,0.00529939578859,0.0141718690407,0.00305116727222,0.000120440813377,0.0295079992774,0.0,0.0521508721922,0.0
"zr1429.40",0.0,0.0,0.00958476526784,0.00186020115396,0.0,0.0,0.0,0.0,0.0,0.0,0.0157013588927,0.0,0.0,0.0,0.0,0.0,0.0,0.0,0.0,0.0,0.0,0.0,0.0,0.0,0.0,0.268562600498,0.0,0.0,0.0,0.0,0.0,0.0,0.0,0.00942712110225,0.0,0.0,0.098969007157,0.0,0.0,0.0,0.0,0.0,0.0,6.30576662358e-05,3.15288331179e-05,0.0,0.0,0.0,0.0,0.0,0.0,0.0,0.0,0.0,0.0,0.0,0.0,0.0,0.0,0.0,0.0,0.0,0.0,0.0,0.0,0.0,0.0,0.0,0.0,0.0,0.0,0.0,0.0,0.0,0.0,0.0,0.0,0.0,0.0,0.0,0.0,0.0,0.0,0.0,0.0,0.0,0.0,0.0,0.0,0.0,0.0,0.0,0.0,0.0,0.0,0.0,0.0,0.0,0.0,0.0717280953432,0.0,0.0,0.0,0.0,3.15288331179e-05,0.0,0.0,3.15288331179e-05,3.15288331179e-05,0.0,0.000283759498061,0.0,0.0,0.0,0.0,0.0,0.0,0.0,0.0,0.0,0.0,0.0,0.0,0.0,0.0,0.0,0.0,0.0,0.0,0.0,0.0,0.0,0.0,0.0,0.0,0.0,0.0,0.0,0.0,0.0,0.0,0.0,0.0,0.0,0.0,0.0,0.0,0.0,0.0,0.0,0.0,0.000630576662358,0.0,0.0,0.0,0.0,0.00548601696251,0.0,0.0,0.0,0.0,0.0,0.0,0.0,0.0,0.0,0.0,0.0,0.0,0.0,0.0,0.0,6.30576662358e-05,0.0,0.0,0.00520225746445,0.0,0.000189172998707,0.0,0.0,0.0,0.0,0.0,0.0,0.0,0.028880411136,0.0217548948513,0.0,0.000283759498061,0.0,0.0,0.0,0.0,0.0,0.000472932496768,0.0,0.00217548948513,0.0,0.0182551943753,0.0,6.30576662358e-05,0.0,0.0,0.0,0.00857584260807,0.289529274522,0.0,0.0,0.0,0.0,0.00148185515654,0.0,0.0,0.0,0.0,0.0,0.0,0.0,0.0,0.0,0.0,0.0,0.0,0.0,0.0,0.0,0.0,0.0,0.000126115332472,0.0,0.0,0.0,0.0,0.0,0.0,0.107040388435,0.0,0.0,0.0,0.0331052747738,0.0,0.0,0.0,0.0,0.0,0.0,0.000315288331179,3.15288331179e-05,0.0,3.15288331179e-05,0.0,0.0,0.0,0.0,0.0,0.0
"zr1429.41",0.0,0.0,0.0,0.141071930036,0.0,0.0,0.0,0.0,0.0,0.00992899265856,0.0481405704658,0.0,2.00585710274e-05,0.0,0.0,0.0,0.0,0.0,0.0,0.0,0.0,0.0,0.0,0.0,0.0,0.0,0.0,0.0,0.0,0.0,0.0265374894693,0.0,0.0,2.00585710274e-05,0.0,0.0,0.0151642796967,0.0,0.0,0.0,0.0,0.0,0.000401171420548,2.00585710274e-05,2.00585710274e-05,0.0,0.0,0.0,0.0,0.0,0.0,0.00850483411562,0.00184538853452,0.0,0.00345007421671,0.0176515425041,0.0,0.00256749709151,0.00583704416897,8.02342841096e-05,0.0,0.00202591567377,0.0,0.0,0.0,0.0,2.00585710274e-05,0.00108316283548,0.0,0.0,0.0,0.0,0.0,0.0,0.0,0.0024872628074,0.0,0.0,0.0,0.0,0.0,0.0,0.0,0.0,0.0927307738597,0.0,0.0,0.0,0.0,0.0,0.0,0.0,0.000441288562603,0.0,0.0,0.0,0.0173306053677,0.0,0.000200585710274,0.0,0.0,0.0,0.0255746780599,4.01171420548e-05,0.0,0.0,0.0,0.216452039957,0.0390540377903,0.0,0.0121354354716,0.0,0.0,0.0,0.0,0.0,0.0142616440005,0.0,0.0,0.00724114414089,0.0,0.0,0.0,0.0,0.0,0.0,0.00196573996069,0.0016849199663,0.0,0.0,0.0,0.00367071849801,0.0,0.0,0.0,0.0134191840173,0.0,0.0,0.00114333854856,0.0,0.0,0.0,0.0,0.0,0.0,0.0,0.000882577125206,0.0068800898624,0.0,0.0,0.0,0.0,0.0,0.0,0.0,0.0,0.0,0.0,0.0,0.0,0.000340995707466,0.0,0.0,0.0,0.0,0.000160468568219,0.00381112849521,0.0153247482649,0.0201388053115,0.0,2.00585710274e-05,2.00585710274e-05,0.0574076302804,0.0,0.0,0.0,0.0,0.0,0.0,0.0,0.0,0.0,0.0,0.0,0.0,0.0,0.0,0.0,0.0,0.0,0.0,0.0,0.0,0.0,0.0,0.0,0.000220644281301,2.00585710274e-05,0.00054158141774,0.000862518554178,0.0,0.0,0.0,0.0,0.0,0.000762225699041,0.0,0.0,0.0,0.0,0.0,0.0,0.0,0.0,0.0,0.0,0.00704055843062,0.0,0.018273358206,0.0,0.0,0.0,0.0,0.0238696995226,0.0,0.0,0.0,0.0,0.0,6.01757130822e-05,0.0,0.0,0.000942752838288,0.0,0.0460544790789,0.00282825851486,0.0,0.0,0.0,0.0,0.0,0.0,0.0,0.0,0.0,0.0,4.01171420548e-05,0.0136197697276,0.0381714606651,0.00264773137562,0.0,0.0,0.000862518554178,0.0,0.0039515384924,2.00585710274e-05
"zr1429.42",0.0,0.0,0.0,0.0808807324745,0.0,0.0,0.0,0.0,0.0,0.0,0.231021978242,0.0,0.0,0.000200348606575,0.0,0.0,0.0,0.0,0.0,0.0,0.0,0.0,0.0,0.0,2.00348606575e-05,0.00611063250055,0.00122212650011,0.0,0.0,0.0,0.0,0.000400697213151,0.0,0.0,0.0,0.0,0.370725061607,0.0,0.00114198705748,0.0,0.0,0.0,0.0,0.000100174303288,0.0,0.0,0.0,0.0066515737383,0.0,0.0,0.0,0.0,0.0,0.0,0.0,0.00791376995973,0.0,0.000440766934466,0.0303127441749,6.01045819726e-05,0.0,0.0,0.0,0.0,0.0,0.0,0.0,0.0,0.0,0.0,0.0,0.0,0.0,0.0,0.0,0.0,0.0,0.0,0.0,0.00100174303288,0.0,0.000861499008274,0.0,0.0,0.0218981026987,0.0,0.0,0.0,0.0,0.0,0.0,0.0,0.0,0.0,0.0,0.0,0.00256446216417,0.0,0.0,0.0,0.0,0.0,0.00210366036904,0.0,0.0,0.0,0.0,0.082082824114,0.0657343778174,0.0,0.000581010959069,0.0,0.0,0.0,0.0,0.0,0.0,0.0,0.0,0.0,0.0,0.0,0.0,0.0,0.0,0.0,0.0068919920662,0.00336585659047,0.0,0.0,0.0,0.0,0.0,0.0,0.0,0.00502875002504,0.0,0.0,0.0,0.0,0.0,0.0,0.00290505479534,0.0,0.0,0.0,0.0,0.00633101596778,0.0,0.0,0.0,0.0,0.0,0.0,0.0,0.0,0.0,0.0,0.0,0.0,0.000420732073808,0.0,0.0,0.0,0.0,0.0,0.000941638450905,0.00841464147617,0.0114198705748,0.0,0.0,0.0,0.0,0.0,0.0,0.0,0.0,0.0,0.0,0.0,0.0,0.0,4.00697213151e-05,0.0,0.0,4.00697213151e-05,0.0,0.0,0.0,0.0,0.0,0.0,0.0,0.0,0.0,0.0,0.000260453188548,0.0,0.00322561256586,0.0,0.0,0.0,0.0,0.0,0.0,0.00953659367299,0.0,0.0,0.0,0.0,2.00348606575e-05,6.01045819726e-05,0.0,0.0,0.0,0.0,0.0,0.0,0.0,0.0,0.0,0.000380662352493,0.0,0.0,0.0,0.0,6.01045819726e-05,0.0,0.000180313745918,0.0,0.0,0.0,0.0,0.0,0.000360627491836,0.00595035361529,0.00380662352493,0.00122212650011,0.0,2.00348606575e-05,0.0,0.0,0.0,0.0,0.0,0.0,0.000681185262357,0.0,0.0133231823373,0.00106184761485,0.0,0.0,0.0,0.0,0.0,2.00348606575e-05
"zr1429.43",0.0,0.0,0.0,0.142857142857,0.0,0.0,0.0,0.0,0.0,0.0,0.0,0.0,0.0,0.0,0.0,0.0,0.0,0.0,0.0,0.0,0.0,0.0,0.0,0.0,0.0,0.0,0.0,0.0,0.0,0.0,0.142857142857,0.0,0.0,0.0,0.0,0.0,0.285714285714,0.0,0.0,0.0,0.0,0.0,0.0,0.0,0.0,0.0,0.0,0.0,0.0,0.0,0.0,0.0,0.0,0.0,0.0,0.0,0.0,0.0,0.0,0.0,0.0,0.0,0.0,0.0,0.0,0.0,0.0,0.0,0.0,0.0,0.0,0.0,0.0,0.0,0.0,0.0,0.0,0.0,0.0,0.0,0.0,0.0,0.0,0.0,0.0,0.0,0.0,0.0,0.0,0.0,0.0,0.0,0.0,0.0,0.0,0.0,0.0,0.0,0.0,0.0,0.0,0.0,0.0,0.0,0.0,0.0,0.0,0.0,0.0,0.0,0.0,0.0,0.0,0.0,0.0,0.0,0.0,0.0,0.0,0.0,0.0,0.0,0.0,0.0,0.0,0.0,0.0,0.142857142857,0.0,0.0,0.0,0.0,0.0,0.0,0.0,0.0,0.0,0.0,0.0,0.0,0.0,0.0,0.0,0.0,0.0,0.0,0.0,0.0,0.0,0.0,0.0,0.0,0.0,0.0,0.0,0.0,0.0,0.0,0.0,0.0,0.0,0.0,0.0,0.0,0.0,0.0,0.0,0.0,0.0,0.0,0.0,0.0,0.0,0.0,0.0,0.0,0.0,0.0,0.0,0.0,0.0,0.0,0.0,0.0,0.0,0.0,0.0,0.0,0.0,0.0,0.0,0.0,0.0,0.0,0.0,0.0,0.0,0.0,0.0,0.0,0.0,0.0,0.0,0.0,0.0,0.0,0.0,0.0,0.0,0.0,0.0,0.0,0.0,0.0,0.0,0.0,0.0,0.0,0.0,0.0,0.0,0.0,0.0,0.0,0.0,0.0,0.0,0.0,0.0,0.0,0.0,0.0,0.0,0.0,0.0,0.0,0.0,0.0,0.0,0.0,0.0,0.0,0.0,0.0,0.0,0.0,0.0,0.0,0.0,0.142857142857,0.0,0.0,0.142857142857,0.0,0.0,0.0
"zr1429.44",0.0,0.0,0.0,0.00405362016375,0.0,0.0,0.0,0.0,0.0,0.0,0.00612056509873,0.000541820516937,0.0,0.0,0.0,0.0,0.0,0.0,6.02022796597e-05,8.02697062129e-05,0.00202681008188,0.0,0.0,0.0,0.0,0.00262883287847,0.000100337132766,0.0,0.000461550810724,0.0,0.00383287847166,0.0,0.0118999839461,0.0,0.0,2.00674265532e-05,0.846885535399,0.0,2.00674265532e-05,6.02022796597e-05,0.0,2.00674265532e-05,0.0,0.000702359929363,0.0,0.0,0.0,0.0,0.0,0.0,0.0,0.0,0.0,0.0,0.0,0.0,0.0,0.000100337132766,0.000642157649703,0.000140471985873,0.0,0.0,2.00674265532e-05,0.0,0.0,0.0,0.0,0.000100337132766,0.0,8.02697062129e-05,0.0,0.0,0.0,0.0,0.0,0.0,0.0,0.0,0.0,2.00674265532e-05,0.000862899341788,0.0,0.0,0.0,0.00325092310162,0.0,0.0,0.0,0.0,0.0,0.0,4.01348531064e-05,0.0101340504094,0.0,0.0,0.0,0.0,0.0,0.0,0.0,0.0,0.00244822603949,0.000963236474555,0.0,0.0,0.000662225076256,0.0,0.0740287365548,0.0116993096805,0.0,0.000602022796597,0.0,0.0,0.0,0.000200674265532,0.0,0.000341146251405,8.02697062129e-05,0.0,0.0,0.0,0.0,0.0,0.0,0.0,0.0,0.0,0.0,0.0,0.0,0.0,0.0,0.0,0.0,0.0,0.00140471985873,0.0,0.0,0.0,0.0,0.0,0.0,0.0,0.0,0.0,0.0,0.0,0.0,0.0,0.0,0.0,0.0,0.0,0.0,0.0,0.0,0.0,0.0,0.0,0.0,0.0,0.0,0.000923101621448,0.0,0.0,0.0,0.000140471985873,0.0,0.000862899341788,0.0,0.0,2.00674265532e-05,0.000321078824852,0.0,0.0,0.0,0.0,0.0,0.0,0.0,0.0,0.0,0.0,0.0,0.0,8.02697062129e-05,0.0,0.000100337132766,0.0,0.00268903515813,0.000301011398298,0.0,0.0,0.0,0.0,0.0,2.00674265532e-05,0.0,0.000280943971745,0.0,0.0,0.0,0.0,0.0,0.0,0.000240809118639,0.0,0.0,0.0,0.0,0.0,0.0,0.0,0.0,0.0,0.0,0.0,0.000140471985873,0.0,0.0,0.0,0.0,0.0,0.0,0.0,6.02022796597e-05,0.0,0.0,0.0,0.0,0.0,0.0,0.0,0.000541820516937,0.0,0.00541820516937,0.0,2.00674265532e-05,0.0,0.0,0.0,0.0,0.0,0.0,0.0,0.0,0.0,0.0,0.0,0.0,0.0,0.0,0.0,0.0,0.00050168566383,0.0
"zr1429.45",0.0,0.0,0.0,0.00290214758922,0.0,2.00148109601e-05,0.0,0.0,0.0,0.0,0.147469127154,0.0,0.0,0.0,0.0,0.0,0.0,0.0,0.000120088865761,0.0,0.0,0.0,0.00192142185217,4.00296219202e-05,0.0,0.0117887236555,0.00196145147409,0.0,0.0,0.0,0.0193943518203,0.0,0.030122290495,0.0,0.0,0.0,0.192722614735,0.0151912415187,0.0,0.000100074054801,0.0,6.00444328803e-05,0.0,0.000460340652083,0.0,0.0,0.0,0.0,0.0,0.0,0.0,0.0,0.0,0.0,0.0,0.0,0.0,0.0,0.0,0.0,0.0,0.0,0.0,0.0,0.0,0.0,0.0,0.0,0.0,0.0,0.0,0.0,0.0,0.0,0.0,0.0,0.0,0.0,0.0,0.0,0.0,0.0,0.0,0.0,0.00190140704121,0.0,0.0,0.0,0.0,0.0,0.00342253267418,0.00486359906331,0.0894261753698,0.0,0.0,6.00444328803e-05,0.0,0.0,0.00282208834538,0.0,0.0,0.0307827792566,0.0,0.0,0.0,0.00134099233433,0.0,0.306827052018,0.0643075876148,0.0,0.000360266597282,0.0,0.0,0.0,0.0,0.0,0.0,2.00148109601e-05,0.0,0.0,0.0,0.0,0.0,0.0,0.0,0.00610451734283,0.0,0.0,0.0,0.00240177731521,0.0,0.0,0.00338250305226,0.0,0.0,0.0,0.0,0.0,0.0,0.0,0.0,0.00300222164402,0.0,4.00296219202e-05,0.0,0.0,0.0,0.0,0.0,0.0,0.0,0.0,0.0,0.0,0.0,0.0,0.0,0.0,0.0,0.0,0.0,0.0,0.0,0.0,0.0,0.0,0.0,0.0,0.00256189580289,0.0,0.0,0.000300222164402,2.00148109601e-05,0.0,0.0,0.0,0.0,0.0,0.0,0.0,0.0,0.0,0.0,0.0,0.0,0.0,4.00296219202e-05,0.0,0.0,0.0,0.0,0.0,0.0,0.0,0.00544402858115,0.0,0.00910673898685,0.0,0.00218161439465,0.0,0.0,0.00166122930969,0.000640473950724,0.0,0.0,0.00154114044393,0.0,0.0,0.0,0.0,2.00148109601e-05,0.0,0.0,0.0,0.0,0.0,0.0,0.0,0.0,0.0,2.00148109601e-05,0.0,0.0,0.0,0.0,0.0,0.00250185137001,0.000100074054801,0.00112082941377,0.000260192542481,0.0,0.0,2.00148109601e-05,0.0,0.0,0.010047435102,0.0,0.0,0.0,0.0137101455077,0.0,0.0,0.0,0.0,0.0,0.0,0.00320236975362,2.00148109601e-05,0.0,8.00592438404e-05,0.0,0.0,0.0,0.0,6.00444328803e-05,0.0
"zr1429.46",0.0,0.0,0.0,0.118638466623,0.0,0.0,0.0,0.0,0.0,0.00638907248293,0.00242344128663,0.0,0.0,0.0,0.0,0.0,0.0,0.0,0.0,0.0,0.0,0.0,0.0,0.0,0.0,0.00991407799075,0.0,0.0,0.0,0.0,0.0375633399427,0.0,0.0,0.0,0.0,0.0,0.259748843358,0.0,0.0,0.0,0.0,0.0,0.0,0.0,0.0,0.0,0.0,0.0,0.0,0.0,0.0,0.0,0.0,0.0,0.0,0.0,0.0,0.0,0.00110156422119,0.0,0.0,0.0,0.0,0.0,0.0,0.0,0.0,0.0,0.0,0.0,0.0,0.0,0.0,0.0,0.0,0.0,0.0,0.0,0.0,0.0,0.0,0.0,0.0,0.0,0.105640008813,0.0,0.0,0.0,0.0,0.0,0.0,0.0,0.0,0.0,0.0,0.0,0.0,0.0,0.0,0.0,0.0,0.0,0.0182859660718,0.0,0.0,0.0,0.0,0.113130645517,0.0688477638246,0.0,0.000110156422119,0.0,0.0,0.0,0.0,0.0,0.000110156422119,0.0,0.0,0.0,0.0,0.0,0.0,0.0,0.0,0.0,0.0,0.0,0.0,0.0,0.0,0.0,0.0,0.0,0.0,0.00605860321657,0.0,0.0,0.0045164133069,0.0,0.0,0.0,0.0,0.0,0.0,0.0,0.0,0.0208195637806,0.0,0.0,0.0,0.0,0.0,0.0,0.0,0.0,0.0,0.0,0.0,0.0,0.0,0.0,0.0,0.0,0.0,0.0,0.0,0.0109054857898,0.00671954174928,0.0,0.0,0.0,0.0404274069178,0.0,0.0,0.0,0.0,0.0,0.0,0.0,0.0,0.0,0.0,0.0,0.0,0.00121172064331,0.0045164133069,0.00132187706543,0.0,0.0,0.0,0.0,0.0,0.0,0.0,0.0,0.000991407799075,0.0,0.00859220092531,0.0,0.0,0.0,0.0,0.0,0.0,0.00914298303591,0.0,0.0,0.0,0.0,0.000110156422119,0.0,0.0,0.0,0.0,0.0,0.000440625688478,0.0,0.0169640890064,0.0,0.0,0.0,0.0028640669751,0.0,0.0,0.0,0.0,0.0,0.0,0.0,0.0,0.0,0.00319453624146,0.0,0.0243445692884,0.0362414628773,0.0,0.0,0.0,0.000110156422119,0.0,0.0,0.0,0.0,0.0,0.0,0.0,0.0179554968055,0.0,0.0205992509363,0.0,0.0,0.0,0.0,0.0200484688257,0.0
"zr1429.47",0.0,0.0,0.0,0.0,0.0,0.0,0.0,0.0,0.0,0.0,0.0,0.0,0.0,0.0,0.0,0.0,0.0,0.0,0.0,0.0,0.0,0.0,0.0,0.0,0.0,0.0,0.000103337811305,0.000620026867831,0.0,0.0,0.00558024181048,0.0,0.0,0.000723364679136,0.0,0.0,0.717887775137,0.0,0.0,0.0,0.0,0.0,0.0,0.00020667562261,0.0,0.0,0.0,0.0,0.0,0.0,0.0,0.0,0.0,0.0,0.0,0.0,0.0,0.0,0.0,0.0,0.0,0.0,0.0,0.0,0.0,0.0,0.0,0.0,0.0,0.0,0.00496021494265,0.0,0.0,0.0,0.0,0.0,0.0,0.0,0.0,0.0,0.0,0.0,0.0,0.0,0.0,0.0,0.0,0.0,0.0,0.0,0.0,0.0,0.0020667562261,0.0,0.00341014777307,0.0,0.0,0.0,0.0,0.0,0.0,0.0,0.0,0.0,0.0,0.0,0.0,0.000103337811305,0.00020667562261,0.0,0.00175674279219,0.00144672935827,0.0409217732768,0.0,0.0,0.0,0.0,0.0,0.0,0.0,0.000103337811305,0.0,0.0,0.0,0.0,0.0,0.0,0.0,0.0,0.0,0.0,0.0,0.0,0.0,0.0,0.0,0.0,0.0,0.0,0.0,0.0,0.0,0.000103337811305,0.0,0.0,0.0,0.0,0.0,0.0,0.0,0.0,0.0,0.0,0.0,0.0,0.0,0.0,0.0,0.0,0.0,0.0,0.0,0.0,0.0,0.0,0.0,0.0,0.0,0.0,0.0,0.0,0.0,0.0,0.0,0.0,0.0,0.0,0.0,0.00124005373566,0.0,0.0,0.0,0.0,0.0,0.0224243050532,0.0,0.0,0.0,0.0,0.0,0.0,0.0,0.0,0.0,0.0,0.0,0.0255244393924,0.000103337811305,0.0115738348662,0.0,0.0,0.0,0.0,0.0,0.0,0.0138472667149,0.0,0.0,0.0,0.0,0.000103337811305,0.0,0.0,0.0,0.0,0.0,0.0,0.0,0.000310013433915,0.0,0.0,0.0,0.0,0.0,0.0,0.0,0.0,0.0,0.0,0.0,0.0,0.0,0.0,0.0,0.0,0.0112638214323,0.0,0.0,0.0,0.00857703833833,0.0,0.0,0.0,0.0,0.0,0.0,0.124418724811,0.0,0.0,0.0,0.0,0.0,0.0,0.0,0.000413351245221,0.0
"zr1429.48",0.0,0.0,0.0,0.058642037958,0.0,0.0,0.0,0.0,0.0,0.0,0.0943063026489,0.00259819344362,0.0,0.0,0.0,0.0,0.0,0.0,0.0,0.0,0.0,0.0,0.0,0.0,0.0,0.00117730640414,0.0,0.0,0.0,0.0,0.0152034913224,0.0,0.0,2.02983862783e-05,0.0,0.0,0.158144727494,0.0,0.0,0.0,0.0,0.0,0.0,4.05967725566e-05,0.0,0.0,0.0,0.0,0.0,0.0,0.0,0.00180655637877,0.0,0.0,0.00381609662032,0.00209073378666,0.0,0.00152237897087,0.00937785446057,0.0,0.0,2.02983862783e-05,0.00487161270679,8.11935451132e-05,0.0,0.0,0.00127879833553,0.000568354815792,0.0,0.0,0.0,0.0,0.0,0.0,0.0,0.0,0.0,0.000142088703948,0.0,0.0,0.0,0.0,0.0,0.0,0.0631482797118,0.0,0.0,0.0,0.0,0.0,0.0,0.0,0.0521059575764,0.0,0.0,0.0,0.000284177407896,0.0,0.0,0.0,0.0,4.05967725566e-05,0.0,0.0,0.0,0.0,0.0,0.175966710647,0.0262864102304,0.0,0.000365370953009,0.0,0.0,0.0,0.0,0.0,0.0,0.0,0.0,0.0,0.0,0.0,0.0,0.0,0.0,0.0,0.0,0.00387699177915,0.0,0.0,0.00058865320207,0.00543996752258,0.0,0.0,0.0,0.0433776514767,0.0,0.0,0.0,0.0,0.0,0.0,0.0,4.05967725566e-05,0.0,0.0,0.0,0.00521668527352,0.0,0.0,0.0,0.0,0.0,0.0,0.0,0.0,0.0,0.0,0.0,0.0,0.0,0.0,0.0,0.0,0.0,0.0,0.0,0.000304475794174,0.0192428701918,0.0,0.0,4.05967725566e-05,0.10837308434,0.0,0.0,0.000142088703948,0.0,0.0,0.0,0.0,0.0,0.0,0.0,0.0,0.0,0.0,0.0,0.0,0.0,0.0,0.0,0.0,0.0,0.0,0.0,0.0,0.00343042728103,0.0080381609662,0.00749010453669,0.0108596366589,0.0,0.0,0.0,0.0,0.0,0.0120775398356,0.0,0.0,0.0,0.0,2.02983862783e-05,0.0,0.0,0.0,0.0,0.0,0.000527758043236,0.0,0.0201562975743,0.0,0.0,0.0,0.0,0.0,0.0,0.0,0.0,0.0,0.0,0.0,0.0,0.0,0.00227341926317,0.0,0.0136202171927,0.00499340302446,0.0,0.000223282249061,0.0,0.0,0.0,0.0,0.0,0.0,0.0,0.0,2.02983862783e-05,0.014371257485,0.0166243783619,0.0141885720085,0.0,0.0,0.0,0.0,0.0105348624784,0.0
"zr1429.49",0.0,0.0,0.0,0.258063219661,0.0,2.00952514921e-05,0.0,0.000160762011937,0.0,0.0,0.000341619275365,0.0,0.0,2.00952514921e-05,0.0,0.0,0.0,0.0,0.0,0.0,0.0,0.0,0.0,0.0,0.0,0.0,0.0,0.0,0.0,0.0,0.0769849084661,0.0,0.0,2.00952514921e-05,0.0,0.0,0.00833952936921,0.0,0.0,0.0,0.0,0.0,0.0,4.01905029841e-05,0.00560657516629,0.0,0.000261238269397,0.000160762011937,0.0,0.0,0.0,0.00733476679461,0.000602857544762,0.00010047625746,0.00297409722083,0.010087816249,0.0,0.00444105057975,0.019070393666,0.000221047766413,0.0,0.000140666760445,0.0,0.0,0.0,0.0,0.0,0.000602857544762,0.0,0.0,0.0,0.0,0.0,0.0,0.00048228603581,0.000241143017905,0.0,0.0,0.0,0.0,0.0,0.0,0.0,0.0,0.064606233547,0.0,0.0,0.0,0.0,0.0,0.0,0.0,0.000241143017905,0.0,0.0,0.0,0.0,0.0,0.0,0.0,0.0,0.0,0.0440889817736,4.01905029841e-05,0.0,0.0,0.0,0.185519361775,0.151176576975,0.0,0.000221047766413,0.0,0.0,8.03810059683e-05,0.0,2.00952514921e-05,0.00323533549022,0.000160762011937,0.0,0.013926009284,0.0,0.0,0.0,0.0,0.0,0.0,0.0,0.00168800112533,0.0,0.0,0.0,0.00864095814159,0.0,0.0,2.00952514921e-05,0.00624962321403,0.0,0.0,0.0125193416796,0.0,0.0,0.0,0.0,6.02857544762e-05,8.03810059683e-05,0.0,0.0,0.00448124108273,4.01905029841e-05,0.0,0.0,0.0,0.0,0.0,0.0,0.0,2.00952514921e-05,0.0,0.0,0.000140666760445,0.0167192492414,0.0,0.0,0.0,4.01905029841e-05,0.00138657235295,0.00331571649619,0.00570705142375,0.0225066816711,0.0,0.0,0.000120571508952,0.0205976327794,0.000180857263429,0.0,0.0,0.0,0.0,0.0,0.0,0.0,0.0,0.0,0.0,0.0,0.0,0.0,0.0,0.0,0.0,0.0,0.0,0.0,0.0,0.0,0.0,0.0,0.0,0.0,0.0,0.0,0.0,0.00010047625746,0.0,0.0,0.0,0.0,0.0,0.0,0.0,0.0,2.00952514921e-05,0.0,0.0,0.0,0.0,0.000261238269397,6.02857544762e-05,0.0078572433334,0.0,0.0,0.0,0.0,0.0,0.0,0.0,0.0,0.0,0.0,0.0,0.0,0.0,0.0,0.0,0.0101882925065,0.0,0.0,0.0,0.0,0.0,0.0,0.0,0.0,0.0,0.0,0.0,0.0,0.00622952796254,0.000241143017905,0.0035367642626,6.02857544762e-05,0.0,0.00114542933505,0.0,0.00612905170508,2.00952514921e-05
"zr1429.50",0.0,0.0,0.0,0.211561274756,0.0,2.01065647934e-05,0.0,0.0,0.0,0.0,0.000100532823967,2.01065647934e-05,0.0,0.0,0.0,0.0,0.0,0.0,0.000140745953554,0.0,0.0,0.0,0.0,0.0,0.0,0.0,0.0,0.0,0.0,0.0,0.0410173921785,0.0,0.0335377500754,0.0,0.0,2.01065647934e-05,0.254006233035,0.0,0.0,0.00012063938876,0.000180959083141,2.01065647934e-05,0.0,0.000422237860662,0.00191012365537,0.0,0.0,0.00283502563587,0.0,0.0,0.0,0.00751985523273,0.000904795415703,0.0,0.0155021614557,0.00912838041621,0.0,0.00404141952347,0.032311249623,4.02131295868e-05,0.0,0.0,0.0,0.0,0.0,0.000321705036694,2.01065647934e-05,0.0,0.0,0.0,0.0,0.0,0.0,0.000301598471901,0.000321705036694,0.0,0.00156831205389,0.0,0.0,0.0,0.0,0.0,0.0,0.0,0.0417814416407,4.02131295868e-05,0.0,0.000100532823967,6.03196943802e-05,0.0,0.0,0.0,0.00637378103951,0.0,0.0,2.01065647934e-05,0.0,0.0,0.0,0.0,0.0,0.0,0.00420227204182,0.0,0.0,0.0,0.0,0.0978385442847,0.0539459133407,0.0,0.000382024731075,0.0,0.0,0.0,0.0,0.0,0.0,0.0,0.0,0.00146777922992,0.0,0.0,0.0,0.0,0.0,0.0,0.0,0.0,0.0,0.0,0.0,0.0347843570926,0.0,0.0,0.0,0.00585101035488,0.0,0.0,0.00842465064844,0.0,0.0,0.0,0.0,6.03196943802e-05,0.0,0.000341811601488,0.0,0.00398109982909,0.0,0.0,0.0,0.0,0.0,0.0,0.0,0.0,0.0,0.0,0.0,0.0,0.0184578264803,0.0,0.0,0.0,0.000321705036694,0.0015280989243,4.02131295868e-05,0.00390067356992,0.02919473208,0.0,0.0,8.04262591736e-05,0.0136322509299,0.000361918166281,0.0,0.0,0.0,0.0,0.0,0.0,0.0,0.0,6.03196943802e-05,0.0,0.0,0.0,0.0,0.0,0.0,0.0,0.00460440333769,0.0,0.0,0.0,0.0012265004524,2.01065647934e-05,0.00486578868,0.0,0.00315673067256,2.01065647934e-05,0.0,0.0,6.03196943802e-05,0.0,2.01065647934e-05,0.00323715693174,0.0,0.0,0.0,0.0,2.01065647934e-05,0.000221172212727,0.0,0.0,0.0,0.0,2.01065647934e-05,0.0,0.000924901980497,0.0,0.0,0.0,0.0,0.0,0.0,0.0,0.0,0.0,0.0,0.00571026440133,0.0,0.0,0.0,0.0,0.00249321403438,0.00126671358198,0.0,0.000583090379009,0.0,2.01065647934e-05,0.0,0.0,0.0,0.0,0.000160852518347,0.0,0.000100532823967,0.000965115110083,0.000361918166281,0.00621292852116,0.000180959083141,0.0,0.0,0.0,0.0184176133508,0.0
"zr1429.51",0.0,0.0,0.0,0.0,0.0,0.0,0.0,0.0,0.0,0.0,0.125,0.0,0.0,0.0,0.0,0.0,0.0,0.0,0.0,0.0,0.0,0.0,0.0,0.0,0.0,0.0,0.0,0.0,0.0,0.0,0.0,0.0,0.0,0.0,0.0,0.0,0.375,0.0,0.0,0.0,0.0,0.0,0.0,0.0,0.0,0.0,0.0,0.0,0.0,0.0,0.0,0.0,0.0,0.0,0.0,0.0,0.0,0.0,0.0,0.0,0.0,0.0,0.0,0.0,0.0,0.0,0.0,0.0,0.0,0.0,0.0,0.0,0.0,0.0,0.0,0.0,0.0,0.0,0.0,0.0,0.0,0.0,0.0,0.0,0.0,0.0,0.0,0.0,0.0,0.0,0.0,0.0,0.0,0.0,0.0,0.0,0.0,0.0,0.0,0.0,0.0,0.0,0.0,0.0,0.0,0.0,0.0,0.125,0.125,0.0,0.0,0.0,0.0,0.0,0.0,0.0,0.0,0.0,0.0,0.0,0.0,0.0,0.0,0.0,0.0,0.0,0.0,0.0,0.0,0.0,0.0,0.0,0.0,0.0,0.0,0.0,0.0,0.0,0.0,0.0,0.0,0.0,0.0,0.0,0.0,0.0,0.0,0.0,0.0,0.0,0.0,0.0,0.0,0.0,0.0,0.0,0.0,0.0,0.0,0.0,0.0,0.0,0.0,0.0,0.0,0.0,0.0,0.0,0.0,0.0,0.0,0.0,0.125,0.0,0.0,0.0,0.0,0.0,0.0,0.0,0.0,0.0,0.0,0.0,0.0,0.0,0.0,0.0,0.0,0.0,0.0,0.0,0.0,0.0,0.0,0.0,0.0,0.0,0.0,0.0,0.0,0.0,0.0,0.0,0.0,0.0,0.0,0.0,0.0,0.0,0.0,0.0,0.0,0.0,0.0,0.0,0.0,0.0,0.125,0.0,0.0,0.0,0.0,0.0,0.0,0.0,0.0,0.0,0.0,0.0,0.0,0.0,0.0,0.0,0.0,0.0,0.0,0.0,0.0,0.0,0.0,0.0,0.0,0.0,0.0,0.0,0.0,0.0,0.0,0.0,0.0,0.0,0.0,0.0,0.0,0.0
"zr1429.52",0.0,0.0,0.0,0.48999355722,0.0,0.0,0.0,0.0,0.0,0.0011677538858,0.00112748651043,0.000201336876862,0.0,0.0,0.0,0.0,0.0,0.0,0.0,0.0,0.0,0.0,0.0,0.0,0.0,0.0,0.0,0.0,0.0,0.0,0.0307038737215,0.0,0.0,0.0,0.0,0.0,0.123781911895,0.0,0.0,0.0,0.0,0.0,0.0,6.04010630587e-05,0.0,0.0,0.0,0.0,0.0,0.0,0.0,0.0108520576629,0.0,0.0,8.05347507449e-05,8.05347507449e-05,0.0,0.0,0.0153821373923,0.0,0.0,0.0,0.0,0.0,0.0,0.0,0.0,0.000100668438431,0.0,0.0,0.0,0.0,0.0,0.0,0.0,0.0,0.0,0.0,0.0,0.0,0.000543609567528,0.00183216557945,0.0,0.0,0.0443545139728,0.0,0.0,0.0,0.0,0.0,0.0,0.0,0.0117178062334,0.0,0.0,2.01336876862e-05,0.0,0.0,0.0,0.0,0.0,0.0,0.00255697833615,0.0,0.0,0.0,0.0,0.0621526938874,0.0744946444391,0.0,0.000302005315294,0.0,0.0,0.0,4.02673753725e-05,0.0,0.0,0.0,0.0,0.0,0.0,0.0,0.0,0.0,0.0,0.0,0.0,0.000100668438431,0.0,0.0,0.0,0.0,0.0,0.0,0.0,0.0258919223645,0.0,0.0,0.0,0.0,0.0,0.0,0.0,4.02673753725e-05,0.0,0.0,0.0,0.0179189820408,0.0,0.0,0.0,0.0,0.0,0.0,0.0,0.0,0.0,0.0,0.0,0.0,0.00473141660627,0.0,0.0,0.0,0.0,0.0,0.0,0.0,0.0051139566723,0.0,0.0,2.01336876862e-05,0.0167512281549,0.0,0.0,4.02673753725e-05,0.0,0.0,0.0,0.0,0.0,0.0,0.0,0.0,0.0,6.04010630587e-05,2.01336876862e-05,2.01336876862e-05,0.0,0.0,0.0,0.0,0.000503342192156,0.0,0.00400660384956,2.01336876862e-05,2.01336876862e-05,0.0,0.000805347507449,0.0,0.0,6.04010630587e-05,0.0,0.0,0.0,0.0116574051703,0.0,0.0,0.0,0.0,0.000100668438431,0.000986550696626,0.0,0.0,0.0,4.02673753725e-05,0.00032213900298,4.02673753725e-05,0.012382217927,0.0,0.0,0.0,0.0,0.0,0.0,0.0,0.0,0.0,0.0,0.000785213819763,0.0,0.0,0.00362406378352,0.0,0.00165096239027,0.00106708544737,0.0,0.0,0.0,0.0,0.0,0.0,0.0,0.000583876942901,0.0,0.0,2.01336876862e-05,0.0105701860353,0.0,0.00153016026415,0.0,0.0,0.0,0.0,0.00696625593944,0.0
"zr1429.53",0.0,0.0,0.0,0.0226974679714,0.0,0.0,0.00883688086351,0.0,0.0,0.0,0.00694038131746,0.0,0.0,0.0,0.0,0.0,0.0,0.0,0.0,0.0,0.0,0.000282457379199,0.0,0.0,0.0,0.0165035811561,0.0,0.0,0.000242106325028,0.0,0.0520326843539,0.0,0.0,0.0,0.0,0.0,0.18892363563,0.0,4.03510541713e-05,0.0,0.000262281852113,0.0,0.0,8.07021083426e-05,0.0,0.0,0.0,0.0,0.0,0.0,0.0,0.00960355089277,0.0,0.0,0.0,0.0,0.0,0.0,0.000625441339655,0.0,0.0,0.0,0.0,0.0,0.0,0.0,0.0,0.0,0.0,0.0,0.0,0.0,0.0,0.0,0.0,0.0,0.0,0.000706143447998,0.0,0.0,0.0,0.0,0.0,0.0,0.0613134268133,0.0,0.000242106325028,0.0116614546555,0.00677897710078,0.0,0.0,0.00633511550489,0.00104912740845,0.0,0.0,0.0,0.0,0.0,0.0,0.0,0.0,0.0,0.00683950368203,6.05265812569e-05,0.0,0.000181579743771,0.000585090285484,0.164713003127,0.0934732169878,0.0,0.000585090285484,0.0,0.0,0.0,0.0,0.0,0.0,0.0,0.0,0.0,0.0,0.0,0.0,0.0,0.0,0.0,0.0,0.0,0.0,0.0,0.0,0.0,0.0,0.0,0.0,0.00700090789872,0.0,0.0,0.0,0.0,0.0,0.0,0.0,0.0,0.0,0.0,0.0,0.0,0.0,0.0,0.0,0.0,0.0,0.0,0.0,0.0,0.0,0.0,0.0,0.0,0.0,0.0,0.0,0.0,0.0,0.0,0.0,0.0,0.0217290426712,0.0,0.0,4.03510541713e-05,0.00647634419449,0.0,0.0,0.0,0.0,0.0,0.0,0.0,0.0,0.0,0.00123070715222,0.0,0.0,0.000100877635428,0.000201755270856,0.0,0.0,0.00145263795017,0.0,0.0,0.0,0.00108947846262,0.010370220922,0.0,0.00258246746696,0.00425703621507,0.000484212650055,0.0,0.0,0.0,0.0,0.0,0.0,0.000665792393826,0.0,0.000262281852113,0.0,0.0,0.0,0.000968425300111,0.0,0.0,0.0,0.0,2.01755270856e-05,0.0,0.00205790376274,0.0,0.0,0.0,0.0,0.0,0.0,0.0,0.0,0.0,0.0,0.00389387672753,0.0,0.0,0.0206193886815,0.0,0.023080802986,0.0600827196611,0.0,2.01755270856e-05,0.0,0.0,0.000181579743771,0.0,0.0,0.164470896802,0.0,0.000201755270856,8.07021083426e-05,0.00207807928982,0.0,0.00236053666902,0.0,0.0,0.0,0.0,0.000342983960456,0.0
"zr1429.54",4.02252614642e-05,0.0,0.0,0.000160901045857,0.0,0.0,0.0,0.0,0.0,0.000160901045857,0.00446500402253,0.000321802091714,0.0,0.0,0.0,0.0,0.0,6.03378921963e-05,0.0,0.0,0.0,4.02252614642e-05,0.0,0.0,0.0,0.0,8.04505229284e-05,0.0,0.019066773934,0.0,2.01126307321e-05,0.0,0.0,0.0,0.0,0.0,0.879847144006,0.0,0.0,0.0,0.0,0.0,0.0,0.000201126307321,0.0,0.0,0.0,0.0,0.0,0.000261464199517,0.0,0.0,0.0,0.0,0.0,0.0,0.0,0.0,0.0,2.01126307321e-05,0.0,2.01126307321e-05,0.0,0.0,0.000140788415125,0.0,0.0,0.0,0.0,0.0,0.000844730490748,0.0,0.0,0.0,0.0,0.0,0.0,0.0,0.00299678197908,0.0,0.0,0.0,0.0,0.0,2.01126307321e-05,0.0,0.0,0.0,0.0,0.0,0.0,0.0,0.0129525341915,0.0,0.0,2.01126307321e-05,0.0,0.0,0.0,0.0,0.0,0.0,0.00263475462591,0.0,0.0,0.0,0.0,0.00368061142397,2.01126307321e-05,0.0,0.00076427996782,0.0,0.0,0.0,0.000643604183427,0.0,0.0,0.0,0.0,0.0,0.0,0.0,0.0,0.0,0.0,0.0,0.0,0.0,0.0,0.0,0.0,0.0,0.0,0.0,0.0,0.0,0.0,0.0,0.0,0.0,0.0,0.0,0.0,0.0,0.0,6.03378921963e-05,0.0,0.0,0.0,0.0,0.0,0.0,0.0,0.0,0.0,0.0,0.0,0.0,0.0,0.0,0.0,0.0,0.0,0.0,0.0,0.0,0.0,0.0,0.000181013676589,0.0,0.0,0.0,0.0,0.0,0.0,0.0,0.0,0.0,0.0,0.0,0.00010056315366,0.0,0.0,0.0,0.0,0.0,0.0,0.0,0.0,0.00209171359614,0.0,0.0,0.0,0.0,0.0293242156074,8.04505229284e-05,2.01126307321e-05,0.0,0.00559131134352,0.0,0.000201126307321,0.000442477876106,0.00110619469027,0.0,0.0,0.00408286403862,0.0,0.0,6.03378921963e-05,0.000543041029767,0.0157280772325,0.0,0.0,2.01126307321e-05,0.0,0.0,0.0,0.0,0.000120675784393,0.0,6.03378921963e-05,0.0,0.0,0.0,0.0,0.0,0.0,0.0,0.000120675784393,0.00440466613033,0.0,0.0,0.0,0.0,0.0021922767498,0.00148833467418,0.0,0.0,0.0,0.000462590506838,0.0,0.0,0.0,0.00116653258246,0.0,0.0,0.000261464199517,0.000522928399035,0.0,0.0,0.0,0.0,0.0,0.0,8.04505229284e-05,0.0
